startISO,endISO,pn,piezasTotales,durationMinutes,shiftTimeMinutes,tiempoPlaneadoMinutes,downtimeProgramadoMinutes,downtimeNoProgramadoMinutes,downtimeMinutes,disponibilidad,eficiencia,calidad,eolOk,eolNok,changeOver,stations_json
2026-02-06T14:00:00.000Z,2026-02-06T22:00:00.000Z,"NO_PRODUCTION",0,480,480,480,0,0,0,1.0000,0.0000,,0,0,No,"[]"
2026-02-06T22:00:00.000Z,2026-02-07T05:30:00.000Z,"WG REA FORD CA029",927,450,450,418,32,61,93,0.8541,0.6867,0.9978,927,2,No,"[{""station"":""620"",""ok"":949,""nok"":0},{""station"":""730"",""ok"":949,""nok"":0},{""station"":""731"",""ok"":950,""nok"":0},{""station"":""750"",""ok"":949,""nok"":0},{""station"":""810"",""ok"":947,""nok"":0},{""station"":""915"",""ok"":945,""nok"":0},{""station"":""940"",""ok"":943,""nok"":1},{""station"":""960"",""ok"":929,""nok"":10},{""station"":""CHW"",""ok"":951,""nok"":12},{""station"":""CCC"",""ok"":950,""nok"":0},{""station"":""MAT"",""ok"":949,""nok"":1},{""station"":""EOL"",""ok"":927,""nok"":2}]"
2026-02-07T05:30:00.000Z,2026-02-07T14:00:00.000Z,"WG REA FORD CA029",1385,510,510,495,15,49,64,0.9010,0.9052,0.9921,1385,11,No,"[{""station"":""620"",""ok"":1399,""nok"":0},{""station"":""730"",""ok"":1403,""nok"":0},{""station"":""731"",""ok"":1401,""nok"":0},{""station"":""750"",""ok"":1399,""nok"":0},{""station"":""810"",""ok"":1399,""nok"":1},{""station"":""915"",""ok"":1404,""nok"":0},{""station"":""940"",""ok"":1402,""nok"":0},{""station"":""960"",""ok"":1394,""nok"":3},{""station"":""CHW"",""ok"":1398,""nok"":7},{""station"":""CCC"",""ok"":1399,""nok"":0},{""station"":""MAT"",""ok"":1402,""nok"":2},{""station"":""EOL"",""ok"":1385,""nok"":11}]"
2026-02-07T14:00:00.000Z,2026-02-07T22:00:00.000Z,"WG REA FORD CA029",936,480,480,460,20,0,20,1.0000,0.6500,0.9926,936,7,No,"[{""station"":""620"",""ok"":956,""nok"":0},{""station"":""730"",""ok"":956,""nok"":0},{""station"":""731"",""ok"":957,""nok"":0},{""station"":""750"",""ok"":957,""nok"":0},{""station"":""810"",""ok"":956,""nok"":0},{""station"":""915"",""ok"":958,""nok"":0},{""station"":""940"",""ok"":947,""nok"":12},{""station"":""960"",""ok"":937,""nok"":2},{""station"":""CHW"",""ok"":958,""nok"":19},{""station"":""CCC"",""ok"":955,""nok"":3},{""station"":""MAT"",""ok"":958,""nok"":2},{""station"":""EOL"",""ok"":936,""nok"":7}]"
2026-02-07T22:00:00.000Z,2026-02-08T05:30:00.000Z,"WG REA FORD CA029",1161,450,450,364,86,18,104,0.9505,0.8600,0.9991,1161,1,No,"[{""station"":""620"",""ok"":1184,""nok"":0},{""station"":""730"",""ok"":1184,""nok"":1},{""station"":""731"",""ok"":1184,""nok"":0},{""station"":""750"",""ok"":1184,""nok"":0},{""station"":""810"",""ok"":1187,""nok"":4},{""station"":""915"",""ok"":1177,""nok"":0},{""station"":""940"",""ok"":1171,""nok"":0},{""station"":""960"",""ok"":1162,""nok"":5},{""station"":""CHW"",""ok"":1185,""nok"":9},{""station"":""CCC"",""ok"":1185,""nok"":1},{""station"":""MAT"",""ok"":1188,""nok"":4},{""station"":""EOL"",""ok"":1161,""nok"":1}]"
2026-02-08T05:30:00.000Z,2026-02-08T14:00:00.000Z,"WG REA FORD CA029",0,510,510,510,0,0,0,1.0000,0.0000,,0,0,No,"[{""station"":""620"",""ok"":0,""nok"":0},{""station"":""730"",""ok"":0,""nok"":0},{""station"":""731"",""ok"":0,""nok"":0},{""station"":""750"",""ok"":0,""nok"":0},{""station"":""810"",""ok"":0,""nok"":0},{""station"":""915"",""ok"":0,""nok"":0},{""station"":""940"",""ok"":0,""nok"":0},{""station"":""960"",""ok"":0,""nok"":0},{""station"":""CHW"",""ok"":0,""nok"":0},{""station"":""CCC"",""ok"":0,""nok"":0},{""station"":""MAT"",""ok"":0,""nok"":0},{""station"":""EOL"",""ok"":0,""nok"":0}]"
2026-02-08T14:00:00.000Z,2026-02-08T22:00:00.000Z,"WG REA FORD CA029",1261,480,480,360,120,4,124,0.9889,0.8757,0.9984,1261,2,No,"[{""station"":""620"",""ok"":1276,""nok"":0},{""station"":""730"",""ok"":1276,""nok"":0},{""station"":""731"",""ok"":1277,""nok"":0},{""station"":""750"",""ok"":1277,""nok"":0},{""station"":""810"",""ok"":1271,""nok"":1},{""station"":""915"",""ok"":1279,""nok"":0},{""station"":""940"",""ok"":1282,""nok"":0},{""station"":""960"",""ok"":1264,""nok"":11},{""station"":""CHW"",""ok"":1274,""nok"":22},{""station"":""CCC"",""ok"":1274,""nok"":0},{""station"":""MAT"",""ok"":1277,""nok"":1},{""station"":""EOL"",""ok"":1261,""nok"":2}]"
2026-02-08T22:00:00.000Z,2026-02-09T05:30:00.000Z,"WG REA FORD CA029",322,450,450,446,4,0,4,1.0000,0.2385,0.9938,322,2,No,"[{""station"":""620"",""ok"":335,""nok"":0},{""station"":""730"",""ok"":335,""nok"":0},{""station"":""731"",""ok"":335,""nok"":0},{""station"":""750"",""ok"":335,""nok"":0},{""station"":""810"",""ok"":337,""nok"":0},{""station"":""915"",""ok"":331,""nok"":0},{""station"":""940"",""ok"":330,""nok"":0},{""station"":""960"",""ok"":321,""nok"":8},{""station"":""CHW"",""ok"":337,""nok"":3},{""station"":""CCC"",""ok"":337,""nok"":0},{""station"":""MAT"",""ok"":336,""nok"":0},{""station"":""EOL"",""ok"":322,""nok"":2}]"
2026-02-09T05:30:00.000Z,2026-02-09T14:00:00.000Z,"WG REA FORD CA029",0,510,510,510,0,0,0,1.0000,0.0000,,0,0,No,"[{""station"":""620"",""ok"":0,""nok"":0},{""station"":""730"",""ok"":0,""nok"":0},{""station"":""731"",""ok"":0,""nok"":0},{""station"":""750"",""ok"":0,""nok"":0},{""station"":""810"",""ok"":0,""nok"":0},{""station"":""915"",""ok"":0,""nok"":0},{""station"":""940"",""ok"":0,""nok"":0},{""station"":""960"",""ok"":0,""nok"":0},{""station"":""CHW"",""ok"":0,""nok"":0},{""station"":""CCC"",""ok"":0,""nok"":0},{""station"":""MAT"",""ok"":0,""nok"":0},{""station"":""EOL"",""ok"":0,""nok"":0}]"
2026-02-09T14:00:00.000Z,2026-02-09T15:51:10.000Z,"WG REA FORD CA029",30,111,111,0,111,7,118,0.0000,0.0901,1.0000,30,0,Si,"[{""station"":""620"",""ok"":11,""nok"":0},{""station"":""730"",""ok"":10,""nok"":1},{""station"":""731"",""ok"":10,""nok"":0},{""station"":""750"",""ok"":11,""nok"":0},{""station"":""810"",""ok"":14,""nok"":0},{""station"":""915"",""ok"":18,""nok"":0},{""station"":""940"",""ok"":24,""nok"":0},{""station"":""960"",""ok"":25,""nok"":0},{""station"":""CHW"",""ok"":2,""nok"":0},{""station"":""CCC"",""ok"":8,""nok"":1},{""station"":""MAT"",""ok"":15,""nok"":0},{""station"":""EOL"",""ok"":30,""nok"":0}]"
2026-02-09T15:52:10.000Z,2026-02-09T22:00:00.000Z,"WG REA STELLANTIS CA027",119,368,368,52,316,34,350,0.3462,0.1078,0.9835,119,2,Si,"[{""station"":""620"",""ok"":180,""nok"":0},{""station"":""730"",""ok"":182,""nok"":0},{""station"":""731"",""ok"":182,""nok"":0},{""station"":""750"",""ok"":181,""nok"":0},{""station"":""810"",""ok"":172,""nok"":0},{""station"":""915"",""ok"":158,""nok"":0},{""station"":""940"",""ok"":151,""nok"":0},{""station"":""960"",""ok"":134,""nok"":8},{""station"":""CHW"",""ok"":194,""nok"":7},{""station"":""CCC"",""ok"":188,""nok"":0},{""station"":""MAT"",""ok"":184,""nok"":0},{""station"":""EOL"",""ok"":119,""nok"":2}]"
2026-02-09T22:00:00.000Z,2026-02-10T05:30:00.000Z,"WG REA STELLANTIS CA027",690,450,450,419,31,144,175,0.6563,0.5111,0.9900,690,7,No,"[{""station"":""620"",""ok"":737,""nok"":0},{""station"":""730"",""ok"":737,""nok"":0},{""station"":""731"",""ok"":736,""nok"":0},{""station"":""750"",""ok"":737,""nok"":0},{""station"":""810"",""ok"":732,""nok"":1},{""station"":""915"",""ok"":744,""nok"":0},{""station"":""940"",""ok"":738,""nok"":4},{""station"":""960"",""ok"":698,""nok"":20},{""station"":""CHW"",""ok"":743,""nok"":82},{""station"":""CCC"",""ok"":736,""nok"":7},{""station"":""MAT"",""ok"":737,""nok"":0},{""station"":""EOL"",""ok"":690,""nok"":7}]"
2026-02-10T05:30:00.000Z,2026-02-10T14:00:00.000Z,"WG REA STELLANTIS CA027",1278,510,510,482,28,92,120,0.8091,0.8353,0.9899,1278,13,No,"[{""station"":""620"",""ok"":1355,""nok"":0},{""station"":""730"",""ok"":1355,""nok"":0},{""station"":""731"",""ok"":1355,""nok"":0},{""station"":""750"",""ok"":1355,""nok"":0},{""station"":""810"",""ok"":1362,""nok"":1},{""station"":""915"",""ok"":1343,""nok"":0},{""station"":""940"",""ok"":1338,""nok"":5},{""station"":""960"",""ok"":1292,""nok"":8},{""station"":""CHW"",""ok"":1353,""nok"":44},{""station"":""CCC"",""ok"":1353,""nok"":0},{""station"":""MAT"",""ok"":1357,""nok"":0},{""station"":""EOL"",""ok"":1278,""nok"":13}]"
2026-02-10T14:00:00.000Z,2026-02-10T22:00:00.000Z,"WG REA STELLANTIS CA027",873,480,480,347,133,106,239,0.6945,0.6062,0.9743,873,23,No,"[{""station"":""620"",""ok"":882,""nok"":0},{""station"":""730"",""ok"":887,""nok"":0},{""station"":""731"",""ok"":884,""nok"":0},{""station"":""750"",""ok"":883,""nok"":0},{""station"":""810"",""ok"":883,""nok"":0},{""station"":""915"",""ok"":899,""nok"":0},{""station"":""940"",""ok"":897,""nok"":6},{""station"":""960"",""ok"":892,""nok"":1},{""station"":""CHW"",""ok"":886,""nok"":138},{""station"":""CCC"",""ok"":881,""nok"":4},{""station"":""MAT"",""ok"":884,""nok"":0},{""station"":""EOL"",""ok"":873,""nok"":23}]"
2026-02-10T22:00:00.000Z,2026-02-11T05:30:00.000Z,"WG REA STELLANTIS CA027",1050,450,450,215,235,20,255,0.9070,0.7778,0.9934,1050,7,No,"[{""station"":""620"",""ok"":1104,""nok"":0},{""station"":""730"",""ok"":1105,""nok"":0},{""station"":""731"",""ok"":1104,""nok"":0},{""station"":""750"",""ok"":1104,""nok"":0},{""station"":""810"",""ok"":1095,""nok"":1},{""station"":""915"",""ok"":1088,""nok"":0},{""station"":""940"",""ok"":1078,""nok"":5},{""station"":""960"",""ok"":1057,""nok"":0},{""station"":""CHW"",""ok"":1103,""nok"":33},{""station"":""CCC"",""ok"":1103,""nok"":1},{""station"":""MAT"",""ok"":1105,""nok"":0},{""station"":""EOL"",""ok"":1050,""nok"":7}]"
2026-02-11T05:30:00.000Z,2026-02-11T12:46:14.000Z,"WG REA STELLANTIS CA027",1182,436,436,409,27,6,33,0.9853,0.9037,0.9899,1182,12,No,"[{""station"":""620"",""ok"":1198,""nok"":0},{""station"":""730"",""ok"":1197,""nok"":10},{""station"":""731"",""ok"":1193,""nok"":0},{""station"":""750"",""ok"":1186,""nok"":1},{""station"":""810"",""ok"":1185,""nok"":0},{""station"":""915"",""ok"":1193,""nok"":0},{""station"":""940"",""ok"":1190,""nok"":9},{""station"":""960"",""ok"":1189,""nok"":1},{""station"":""CHW"",""ok"":1203,""nok"":35},{""station"":""CCC"",""ok"":1202,""nok"":0},{""station"":""MAT"",""ok"":1208,""nok"":0},{""station"":""EOL"",""ok"":1182,""nok"":12}]"
2026-02-11T12:48:14.000Z,2026-02-11T13:41:14.000Z,"WG REA STELLANTIS CA027 REWORK EOL",118,53,53,53,0,0,0,1.0000,0.7421,0.9672,118,4,No,"[{""station"":""620"",""ok"":0,""nok"":0},{""station"":""730"",""ok"":0,""nok"":0},{""station"":""731"",""ok"":0,""nok"":0},{""station"":""750"",""ok"":0,""nok"":0},{""station"":""810"",""ok"":0,""nok"":0},{""station"":""915"",""ok"":0,""nok"":0},{""station"":""940"",""ok"":0,""nok"":0},{""station"":""960"",""ok"":0,""nok"":0},{""station"":""CHW"",""ok"":0,""nok"":0},{""station"":""CCC"",""ok"":0,""nok"":0},{""station"":""MAT"",""ok"":0,""nok"":0},{""station"":""EOL"",""ok"":118,""nok"":4}]"
2026-02-11T13:42:14.000Z,2026-02-11T14:00:00.000Z,"WG REA STELLANTIS CA028",0,18,18,18,0,0,0,1.0000,0.0000,,0,0,No,"[{""station"":""620"",""ok"":18,""nok"":0},{""station"":""730"",""ok"":21,""nok"":1},{""station"":""731"",""ok"":22,""nok"":0},{""station"":""750"",""ok"":24,""nok"":0},{""station"":""810"",""ok"":21,""nok"":0},{""station"":""915"",""ok"":9,""nok"":0},{""station"":""940"",""ok"":2,""nok"":0},{""station"":""960"",""ok"":0,""nok"":0},{""station"":""CHW"",""ok"":17,""nok"":2},{""station"":""CCC"",""ok"":15,""nok"":2},{""station"":""MAT"",""ok"":21,""nok"":0},{""station"":""EOL"",""ok"":0,""nok"":0}]"
2026-02-11T14:00:00.000Z,2026-02-11T22:00:00.000Z,"WG REA STELLANTIS CA028",446,480,480,226,254,123,377,0.4558,0.3097,0.9845,446,7,Si,"[{""station"":""620"",""ok"":480,""nok"":0},{""station"":""730"",""ok"":482,""nok"":18},{""station"":""731"",""ok"":479,""nok"":0},{""station"":""750"",""ok"":485,""nok"":0},{""station"":""810"",""ok"":491,""nok"":1},{""station"":""915"",""ok"":480,""nok"":0},{""station"":""940"",""ok"":479,""nok"":2},{""station"":""960"",""ok"":464,""nok"":0},{""station"":""CHW"",""ok"":484,""nok"":47},{""station"":""CCC"",""ok"":480,""nok"":4},{""station"":""MAT"",""ok"":499,""nok"":0},{""station"":""EOL"",""ok"":446,""nok"":7}]"
2026-02-11T22:00:00.000Z,2026-02-12T05:30:00.000Z,"WG REA STELLANTIS CA028",1113,450,450,365,85,30,115,0.9178,0.8244,0.9832,1113,19,No,"[{""station"":""620"",""ok"":1129,""nok"":0},{""station"":""730"",""ok"":1128,""nok"":0},{""station"":""731"",""ok"":1128,""nok"":0},{""station"":""750"",""ok"":1127,""nok"":0},{""station"":""810"",""ok"":1130,""nok"":1},{""station"":""915"",""ok"":1126,""nok"":0},{""station"":""940"",""ok"":1120,""nok"":7},{""station"":""960"",""ok"":1113,""nok"":0},{""station"":""CHW"",""ok"":1127,""nok"":37},{""station"":""CCC"",""ok"":1128,""nok"":1},{""station"":""MAT"",""ok"":1127,""nok"":0},{""station"":""EOL"",""ok"":1113,""nok"":19}]"
2026-02-12T05:30:00.000Z,2026-02-12T14:00:00.000Z,"WG REA STELLANTIS CA028",1358,510,510,487,23,41,64,0.9158,0.8876,0.9848,1358,21,No,"[{""station"":""620"",""ok"":1374,""nok"":0},{""station"":""730"",""ok"":1374,""nok"":0},{""station"":""731"",""ok"":1375,""nok"":0},{""station"":""750"",""ok"":1377,""nok"":0},{""station"":""810"",""ok"":1372,""nok"":0},{""station"":""915"",""ok"":1370,""nok"":0},{""station"":""940"",""ok"":1363,""nok"":4},{""station"":""960"",""ok"":1361,""nok"":1},{""station"":""CHW"",""ok"":1376,""nok"":17},{""station"":""CCC"",""ok"":1374,""nok"":0},{""station"":""MAT"",""ok"":1378,""nok"":2},{""station"":""EOL"",""ok"":1358,""nok"":21}]"
2026-02-12T14:00:00.000Z,2026-02-12T22:00:00.000Z,"WG REA STELLANTIS CA028",1367,480,480,449,31,31,62,0.9310,0.9493,0.9863,1367,19,No,"[{""station"":""620"",""ok"":1355,""nok"":0},{""station"":""730"",""ok"":1354,""nok"":0},{""station"":""731"",""ok"":1354,""nok"":0},{""station"":""750"",""ok"":1354,""nok"":0},{""station"":""810"",""ok"":1351,""nok"":0},{""station"":""915"",""ok"":1373,""nok"":0},{""station"":""940"",""ok"":1374,""nok"":5},{""station"":""960"",""ok"":1375,""nok"":2},{""station"":""CHW"",""ok"":1350,""nok"":25},{""station"":""CCC"",""ok"":1355,""nok"":2},{""station"":""MAT"",""ok"":1353,""nok"":0},{""station"":""EOL"",""ok"":1367,""nok"":19}]"
2026-02-12T22:00:00.000Z,2026-02-12T22:21:15.000Z,"WG REA STELLANTIS CA028",10,21,21,16,5,0,5,1.0000,0.1587,1.0000,10,0,No,"[{""station"":""620"",""ok"":1,""nok"":0},{""station"":""730"",""ok"":5,""nok"":0},{""station"":""731"",""ok"":5,""nok"":0},{""station"":""750"",""ok"":5,""nok"":0},{""station"":""810"",""ok"":13,""nok"":0},{""station"":""915"",""ok"":10,""nok"":0},{""station"":""940"",""ok"":10,""nok"":0},{""station"":""960"",""ok"":10,""nok"":0},{""station"":""CHW"",""ok"":0,""nok"":0},{""station"":""CCC"",""ok"":0,""nok"":0},{""station"":""MAT"",""ok"":6,""nok"":0},{""station"":""EOL"",""ok"":10,""nok"":0}]"
2026-02-12T22:22:15.000Z,2026-02-13T01:04:17.000Z,"WG REA STELLANTIS CA028 REWORK NO BRANSON",101,162,162,162,0,0,0,1.0000,0.2078,0.9806,101,2,No,"[{""station"":""620"",""ok"":0,""nok"":0},{""station"":""730"",""ok"":0,""nok"":0},{""station"":""731"",""ok"":0,""nok"":0},{""station"":""750"",""ok"":0,""nok"":0},{""station"":""810"",""ok"":0,""nok"":0},{""station"":""915"",""ok"":0,""nok"":0},{""station"":""940"",""ok"":107,""nok"":22},{""station"":""960"",""ok"":105,""nok"":0},{""station"":""CHW"",""ok"":0,""nok"":0},{""station"":""CCC"",""ok"":0,""nok"":0},{""station"":""MAT"",""ok"":0,""nok"":0},{""station"":""EOL"",""ok"":101,""nok"":2}]"
2026-02-13T01:05:17.000Z,2026-02-13T04:01:17.000Z,"WG REA STELLANTIS CA028 REWORK EOL",136,176,176,176,0,0,0,1.0000,0.2576,0.8447,136,25,No,"[{""station"":""620"",""ok"":0,""nok"":0},{""station"":""730"",""ok"":0,""nok"":0},{""station"":""731"",""ok"":0,""nok"":0},{""station"":""750"",""ok"":0,""nok"":0},{""station"":""810"",""ok"":0,""nok"":0},{""station"":""915"",""ok"":0,""nok"":0},{""station"":""940"",""ok"":0,""nok"":0},{""station"":""960"",""ok"":0,""nok"":0},{""station"":""CHW"",""ok"":0,""nok"":0},{""station"":""CCC"",""ok"":0,""nok"":0},{""station"":""MAT"",""ok"":0,""nok"":0},{""station"":""EOL"",""ok"":136,""nok"":25}]"
2026-02-13T04:02:17.000Z,2026-02-13T05:30:00.000Z,"WG REA GM CS022",0,88,88,88,0,0,0,1.0000,0.0000,,0,0,No,"[{""station"":""620"",""ok"":0,""nok"":0},{""station"":""730"",""ok"":0,""nok"":0},{""station"":""731"",""ok"":0,""nok"":0},{""station"":""750"",""ok"":0,""nok"":0},{""station"":""810"",""ok"":0,""nok"":0},{""station"":""915"",""ok"":0,""nok"":0},{""station"":""940"",""ok"":0,""nok"":0},{""station"":""960"",""ok"":0,""nok"":0},{""station"":""CHW"",""ok"":0,""nok"":0},{""station"":""CCC"",""ok"":0,""nok"":0},{""station"":""MAT"",""ok"":0,""nok"":0},{""station"":""EOL"",""ok"":0,""nok"":0}]"
2026-02-13T05:30:00.000Z,2026-02-13T14:00:00.000Z,"WG REA GM CS022",8,510,510,510,0,0,0,1.0000,0.0052,0.6667,8,4,No,"[{""station"":""620"",""ok"":62,""nok"":2},{""station"":""730"",""ok"":61,""nok"":0},{""station"":""731"",""ok"":61,""nok"":0},{""station"":""750"",""ok"":60,""nok"":0},{""station"":""810"",""ok"":49,""nok"":0},{""station"":""915"",""ok"":29,""nok"":0},{""station"":""940"",""ok"":25,""nok"":2},{""station"":""960"",""ok"":18,""nok"":0},{""station"":""CHW"",""ok"":73,""nok"":7},{""station"":""CCC"",""ok"":65,""nok"":1},{""station"":""MAT"",""ok"":63,""nok"":1},{""station"":""EOL"",""ok"":8,""nok"":4}]"
2026-02-13T14:00:00.000Z,2026-02-13T22:00:00.000Z,"WG REA GM CS022",254,480,480,110,370,13,383,0.8818,0.1764,0.9807,254,5,Si,"[{""station"":""620"",""ok"":256,""nok"":0},{""station"":""730"",""ok"":255,""nok"":0},{""station"":""731"",""ok"":255,""nok"":0},{""station"":""750"",""ok"":256,""nok"":0},{""station"":""810"",""ok"":267,""nok"":18},{""station"":""915"",""ok"":282,""nok"":0},{""station"":""940"",""ok"":276,""nok"":4},{""station"":""960"",""ok"":268,""nok"":3},{""station"":""CHW"",""ok"":269,""nok"":12},{""station"":""CCC"",""ok"":259,""nok"":4},{""station"":""MAT"",""ok"":256,""nok"":2},{""station"":""EOL"",""ok"":254,""nok"":5}]"
2026-02-13T22:00:00.000Z,2026-02-14T05:30:00.000Z,"WG REA GM CS022",212,450,450,166,284,76,360,0.5422,0.1570,0.9953,212,1,No,"[{""station"":""620"",""ok"":225,""nok"":0},{""station"":""730"",""ok"":226,""nok"":0},{""station"":""731"",""ok"":226,""nok"":0},{""station"":""750"",""ok"":226,""nok"":0},{""station"":""810"",""ok"":226,""nok"":0},{""station"":""915"",""ok"":226,""nok"":0},{""station"":""940"",""ok"":217,""nok"":7},{""station"":""960"",""ok"":214,""nok"":0},{""station"":""CHW"",""ok"":230,""nok"":47},{""station"":""CCC"",""ok"":223,""nok"":8},{""station"":""MAT"",""ok"":228,""nok"":2},{""station"":""EOL"",""ok"":212,""nok"":1}]"
2026-02-14T05:30:00.000Z,2026-02-14T14:00:00.000Z,"WG REA GM CS022",1036,510,510,510,0,0,0,1.0000,0.6771,0.9904,1036,10,No,"[{""station"":""620"",""ok"":1082,""nok"":0},{""station"":""730"",""ok"":1081,""nok"":0},{""station"":""731"",""ok"":1080,""nok"":0},{""station"":""750"",""ok"":1079,""nok"":0},{""station"":""810"",""ok"":1075,""nok"":1},{""station"":""915"",""ok"":1057,""nok"":0},{""station"":""940"",""ok"":1049,""nok"":2},{""station"":""960"",""ok"":1046,""nok"":4},{""station"":""CHW"",""ok"":1083,""nok"":116},{""station"":""CCC"",""ok"":1082,""nok"":0},{""station"":""MAT"",""ok"":1081,""nok"":0},{""station"":""EOL"",""ok"":1036,""nok"":10}]"
2026-02-14T14:00:00.000Z,2026-02-14T22:00:00.000Z,"WG REA GM CS022",671,480,480,457,23,9,32,0.9803,0.4660,0.9897,671,7,No,"[{""station"":""620"",""ok"":669,""nok"":0},{""station"":""730"",""ok"":670,""nok"":1},{""station"":""731"",""ok"":671,""nok"":0},{""station"":""750"",""ok"":671,""nok"":0},{""station"":""810"",""ok"":666,""nok"":1},{""station"":""915"",""ok"":684,""nok"":0},{""station"":""940"",""ok"":688,""nok"":1},{""station"":""960"",""ok"":678,""nok"":5},{""station"":""CHW"",""ok"":670,""nok"":40},{""station"":""CCC"",""ok"":668,""nok"":3},{""station"":""MAT"",""ok"":671,""nok"":0},{""station"":""EOL"",""ok"":671,""nok"":7}]"
2026-02-14T22:00:00.000Z,2026-02-15T05:30:00.000Z,"WG REA GM CS022",470,450,450,403,47,246,293,0.3896,0.3481,0.9937,470,3,No,"[{""station"":""620"",""ok"":493,""nok"":0},{""station"":""730"",""ok"":494,""nok"":0},{""station"":""731"",""ok"":495,""nok"":0},{""station"":""750"",""ok"":499,""nok"":0},{""station"":""810"",""ok"":503,""nok"":0},{""station"":""915"",""ok"":485,""nok"":0},{""station"":""940"",""ok"":477,""nok"":4},{""station"":""960"",""ok"":473,""nok"":3},{""station"":""CHW"",""ok"":494,""nok"":10},{""station"":""CCC"",""ok"":491,""nok"":1},{""station"":""MAT"",""ok"":493,""nok"":0},{""station"":""EOL"",""ok"":470,""nok"":3}]"
2026-02-15T05:30:00.000Z,2026-02-15T14:00:00.000Z,"WG REA GM CS022",1,510,510,510,0,0,0,1.0000,0.0007,1.0000,1,0,No,"[{""station"":""620"",""ok"":1,""nok"":0},{""station"":""730"",""ok"":2,""nok"":0},{""station"":""731"",""ok"":2,""nok"":0},{""station"":""750"",""ok"":2,""nok"":0},{""station"":""810"",""ok"":5,""nok"":0},{""station"":""915"",""ok"":3,""nok"":0},{""station"":""940"",""ok"":1,""nok"":0},{""station"":""960"",""ok"":0,""nok"":0},{""station"":""CHW"",""ok"":0,""nok"":0},{""station"":""CCC"",""ok"":0,""nok"":0},{""station"":""MAT"",""ok"":1,""nok"":0},{""station"":""EOL"",""ok"":1,""nok"":0}]"
2026-02-15T14:00:00.000Z,2026-02-15T22:00:00.000Z,"WG REA GM CS022",21,480,480,460,20,0,20,1.0000,0.0146,1.0000,21,0,No,"[{""station"":""620"",""ok"":3,""nok"":0},{""station"":""730"",""ok"":0,""nok"":0},{""station"":""731"",""ok"":0,""nok"":0},{""station"":""750"",""ok"":0,""nok"":0},{""station"":""810"",""ok"":2,""nok"":0},{""station"":""915"",""ok"":22,""nok"":0},{""station"":""940"",""ok"":28,""nok"":0},{""station"":""960"",""ok"":23,""nok"":0},{""station"":""CHW"",""ok"":7,""nok"":0},{""station"":""CCC"",""ok"":8,""nok"":0},{""station"":""MAT"",""ok"":0,""nok"":0},{""station"":""EOL"",""ok"":21,""nok"":0}]"
2026-02-15T22:00:00.000Z,2026-02-15T22:52:55.000Z,"WG REA GM CS022",0,53,53,53,0,0,0,1.0000,0.0000,,0,0,No,"[{""station"":""620"",""ok"":0,""nok"":0},{""station"":""730"",""ok"":0,""nok"":0},{""station"":""731"",""ok"":0,""nok"":0},{""station"":""750"",""ok"":0,""nok"":0},{""station"":""810"",""ok"":0,""nok"":0},{""station"":""915"",""ok"":0,""nok"":0},{""station"":""940"",""ok"":0,""nok"":0},{""station"":""960"",""ok"":0,""nok"":0},{""station"":""CHW"",""ok"":0,""nok"":0},{""station"":""CCC"",""ok"":0,""nok"":0},{""station"":""MAT"",""ok"":0,""nok"":0},{""station"":""EOL"",""ok"":0,""nok"":0}]"
2026-02-15T22:57:55.000Z,2026-02-16T05:30:00.000Z,"WG REA FORD CA029",0,392,392,392,0,0,0,1.0000,0.0000,,0,0,No,"[{""station"":""620"",""ok"":0,""nok"":0},{""station"":""730"",""ok"":0,""nok"":0},{""station"":""731"",""ok"":0,""nok"":0},{""station"":""750"",""ok"":0,""nok"":0},{""station"":""810"",""ok"":0,""nok"":0},{""station"":""915"",""ok"":0,""nok"":0},{""station"":""940"",""ok"":0,""nok"":0},{""station"":""960"",""ok"":0,""nok"":0},{""station"":""CHW"",""ok"":0,""nok"":0},{""station"":""CCC"",""ok"":0,""nok"":0},{""station"":""MAT"",""ok"":0,""nok"":0},{""station"":""EOL"",""ok"":0,""nok"":0}]"
2026-02-16T05:30:00.000Z,2026-02-16T14:00:00.000Z,"WG REA FORD CA029",0,510,510,510,0,0,0,1.0000,0.0000,,0,0,No,"[{""station"":""620"",""ok"":0,""nok"":0},{""station"":""730"",""ok"":0,""nok"":0},{""station"":""731"",""ok"":0,""nok"":0},{""station"":""750"",""ok"":0,""nok"":0},{""station"":""810"",""ok"":0,""nok"":0},{""station"":""915"",""ok"":0,""nok"":0},{""station"":""940"",""ok"":0,""nok"":0},{""station"":""960"",""ok"":0,""nok"":0},{""station"":""CHW"",""ok"":0,""nok"":0},{""station"":""CCC"",""ok"":0,""nok"":0},{""station"":""MAT"",""ok"":0,""nok"":0},{""station"":""EOL"",""ok"":0,""nok"":0}]"
2026-02-16T14:00:00.000Z,2026-02-16T22:00:00.000Z,"WG REA FORD CA029",55,480,480,103,377,7,384,0.9320,0.0382,0.7971,55,14,Si,"[{""station"":""620"",""ok"":114,""nok"":0},{""station"":""730"",""ok"":112,""nok"":0},{""station"":""731"",""ok"":111,""nok"":0},{""station"":""750"",""ok"":104,""nok"":0},{""station"":""810"",""ok"":89,""nok"":14},{""station"":""915"",""ok"":88,""nok"":0},{""station"":""940"",""ok"":86,""nok"":0},{""station"":""960"",""ok"":81,""nok"":0},{""station"":""CHW"",""ok"":128,""nok"":3},{""station"":""CCC"",""ok"":119,""nok"":0},{""station"":""MAT"",""ok"":115,""nok"":0},{""station"":""EOL"",""ok"":55,""nok"":14}]"
2026-02-16T22:00:00.000Z,2026-02-17T05:30:00.000Z,"WG REA FORD CA029",751,450,450,425,25,192,217,0.5482,0.5563,0.9987,751,1,No,"[{""station"":""620"",""ok"":778,""nok"":0},{""station"":""730"",""ok"":780,""nok"":2},{""station"":""731"",""ok"":780,""nok"":0},{""station"":""750"",""ok"":786,""nok"":0},{""station"":""810"",""ok"":791,""nok"":1},{""station"":""915"",""ok"":775,""nok"":0},{""station"":""940"",""ok"":763,""nok"":8},{""station"":""960"",""ok"":753,""nok"":7},{""station"":""CHW"",""ok"":775,""nok"":16},{""station"":""CCC"",""ok"":775,""nok"":1},{""station"":""MAT"",""ok"":779,""nok"":5},{""station"":""EOL"",""ok"":751,""nok"":1}]"
2026-02-17T05:30:00.000Z,2026-02-17T14:00:00.000Z,"WG REA FORD CA029",1163,510,510,470,40,63,103,0.8660,0.7601,0.9966,1163,4,No,"[{""station"":""620"",""ok"":1206,""nok"":0},{""station"":""730"",""ok"":1206,""nok"":0},{""station"":""731"",""ok"":1206,""nok"":0},{""station"":""750"",""ok"":1206,""nok"":0},{""station"":""810"",""ok"":1207,""nok"":4},{""station"":""915"",""ok"":1206,""nok"":0},{""station"":""940"",""ok"":1199,""nok"":4},{""station"":""960"",""ok"":1166,""nok"":18},{""station"":""CHW"",""ok"":1208,""nok"":19},{""station"":""CCC"",""ok"":1206,""nok"":2},{""station"":""MAT"",""ok"":1206,""nok"":1},{""station"":""EOL"",""ok"":1163,""nok"":4}]"
2026-02-17T14:00:00.000Z,2026-02-17T22:00:00.000Z,"WG REA FORD CA029",1346,480,480,386,94,36,130,0.9067,0.9347,1.0000,1346,0,No,"[{""station"":""620"",""ok"":1373,""nok"":0},{""station"":""730"",""ok"":1372,""nok"":0},{""station"":""731"",""ok"":1371,""nok"":0},{""station"":""750"",""ok"":1368,""nok"":0},{""station"":""810"",""ok"":1360,""nok"":0},{""station"":""915"",""ok"":1373,""nok"":0},{""station"":""940"",""ok"":1370,""nok"":3},{""station"":""960"",""ok"":1347,""nok"":9},{""station"":""CHW"",""ok"":1376,""nok"":11},{""station"":""CCC"",""ok"":1375,""nok"":1},{""station"":""MAT"",""ok"":1371,""nok"":1},{""station"":""EOL"",""ok"":1346,""nok"":0}]"
2026-02-17T22:00:00.000Z,2026-02-18T05:30:00.000Z,"WG REA FORD CA029",1181,450,450,343,107,47,154,0.8630,0.8748,0.9992,1181,1,No,"[{""station"":""620"",""ok"":1213,""nok"":0},{""station"":""730"",""ok"":1214,""nok"":0},{""station"":""731"",""ok"":1215,""nok"":0},{""station"":""750"",""ok"":1217,""nok"":0},{""station"":""810"",""ok"":1221,""nok"":5},{""station"":""915"",""ok"":1210,""nok"":0},{""station"":""940"",""ok"":1208,""nok"":2},{""station"":""960"",""ok"":1184,""nok"":14},{""station"":""CHW"",""ok"":1211,""nok"":7},{""station"":""CCC"",""ok"":1211,""nok"":0},{""station"":""MAT"",""ok"":1215,""nok"":2},{""station"":""EOL"",""ok"":1181,""nok"":1}]"
2026-02-18T05:30:00.000Z,2026-02-18T14:00:00.000Z,"WG REA FORD CA029",1467,510,510,495,15,4,19,0.9919,0.9588,1.0000,1467,0,No,"[{""station"":""620"",""ok"":1516,""nok"":0},{""station"":""730"",""ok"":1516,""nok"":3},{""station"":""731"",""ok"":1516,""nok"":0},{""station"":""750"",""ok"":1515,""nok"":0},{""station"":""810"",""ok"":1509,""nok"":46},{""station"":""915"",""ok"":1517,""nok"":0},{""station"":""940"",""ok"":1515,""nok"":2},{""station"":""960"",""ok"":1468,""nok"":30},{""station"":""CHW"",""ok"":1517,""nok"":20},{""station"":""CCC"",""ok"":1516,""nok"":1},{""station"":""MAT"",""ok"":1519,""nok"":2},{""station"":""EOL"",""ok"":1467,""nok"":0}]"
2026-02-18T14:00:00.000Z,2026-02-18T22:00:00.000Z,"WG REA FORD CA029",1265,480,480,480,0,0,0,1.0000,0.8785,0.9968,1265,4,No,"[{""station"":""620"",""ok"":1371,""nok"":0},{""station"":""730"",""ok"":1370,""nok"":0},{""station"":""731"",""ok"":1371,""nok"":0},{""station"":""750"",""ok"":1374,""nok"":0},{""station"":""810"",""ok"":1353,""nok"":0},{""station"":""915"",""ok"":1374,""nok"":0},{""station"":""940"",""ok"":1343,""nok"":4},{""station"":""960"",""ok"":1312,""nok"":30},{""station"":""CHW"",""ok"":1328,""nok"":23},{""station"":""CCC"",""ok"":1371,""nok"":1},{""station"":""MAT"",""ok"":1339,""nok"":7},{""station"":""EOL"",""ok"":1265,""nok"":4}]"
2026-02-18T22:00:00.000Z,2026-02-19T05:30:00.000Z,"WG REA FORD CA029",676,450,450,440,10,192,202,0.5636,0.5007,0.9941,676,4,No,"[{""station"":""620"",""ok"":736,""nok"":0},{""station"":""730"",""ok"":739,""nok"":0},{""station"":""731"",""ok"":739,""nok"":0},{""station"":""750"",""ok"":740,""nok"":0},{""station"":""810"",""ok"":722,""nok"":0},{""station"":""915"",""ok"":719,""nok"":0},{""station"":""940"",""ok"":712,""nok"":2},{""station"":""960"",""ok"":704,""nok"":2},{""station"":""CHW"",""ok"":719,""nok"":4},{""station"":""CCC"",""ok"":735,""nok"":1},{""station"":""MAT"",""ok"":727,""nok"":0},{""station"":""EOL"",""ok"":676,""nok"":4}]"
2026-02-19T05:30:00.000Z,2026-02-19T14:00:00.000Z,"WG REA FORD CA029",1035,510,510,510,0,140,140,0.7255,0.6765,0.9990,1035,1,No,"[{""station"":""620"",""ok"":1029,""nok"":0},{""station"":""730"",""ok"":1028,""nok"":0},{""station"":""731"",""ok"":1026,""nok"":0},{""station"":""750"",""ok"":1025,""nok"":0},{""station"":""810"",""ok"":1030,""nok"":1},{""station"":""915"",""ok"":1050,""nok"":0},{""station"":""940"",""ok"":1046,""nok"":1},{""station"":""960"",""ok"":1036,""nok"":2},{""station"":""CHW"",""ok"":1036,""nok"":27},{""station"":""CCC"",""ok"":1031,""nok"":5},{""station"":""MAT"",""ok"":1027,""nok"":3},{""station"":""EOL"",""ok"":1035,""nok"":1}]"
2026-02-19T14:00:00.000Z,2026-02-19T22:00:00.000Z,"WG REA FORD CA029",1194,480,480,434,46,65,111,0.8502,0.8292,0.9967,1194,4,No,"[{""station"":""620"",""ok"":1195,""nok"":0},{""station"":""730"",""ok"":1196,""nok"":0},{""station"":""731"",""ok"":1196,""nok"":0},{""station"":""750"",""ok"":1196,""nok"":0},{""station"":""810"",""ok"":1200,""nok"":0},{""station"":""915"",""ok"":1203,""nok"":0},{""station"":""940"",""ok"":1203,""nok"":2},{""station"":""960"",""ok"":1197,""nok"":0},{""station"":""CHW"",""ok"":1210,""nok"":32},{""station"":""CCC"",""ok"":1195,""nok"":8},{""station"":""MAT"",""ok"":1198,""nok"":7},{""station"":""EOL"",""ok"":1194,""nok"":4}]"
2026-02-19T22:00:00.000Z,2026-02-20T05:30:00.000Z,"WG REA FORD CA029",1270,450,450,393,57,61,118,0.8448,0.9407,1.0000,1270,0,No,"[{""station"":""620"",""ok"":1310,""nok"":0},{""station"":""730"",""ok"":1311,""nok"":0},{""station"":""731"",""ok"":1311,""nok"":0},{""station"":""750"",""ok"":1312,""nok"":0},{""station"":""810"",""ok"":1309,""nok"":2},{""station"":""915"",""ok"":1291,""nok"":0},{""station"":""940"",""ok"":1289,""nok"":2},{""station"":""960"",""ok"":1273,""nok"":6},{""station"":""CHW"",""ok"":1307,""nok"":12},{""station"":""CCC"",""ok"":1307,""nok"":2},{""station"":""MAT"",""ok"":1313,""nok"":8},{""station"":""EOL"",""ok"":1270,""nok"":0}]"
2026-02-20T05:30:00.000Z,2026-02-20T14:00:00.000Z,"WG REA FORD CA029",1488,510,510,496,14,10,24,0.9798,0.9725,0.9987,1488,2,No,"[{""station"":""620"",""ok"":1503,""nok"":0},{""station"":""730"",""ok"":1506,""nok"":0},{""station"":""731"",""ok"":1505,""nok"":0},{""station"":""750"",""ok"":1506,""nok"":0},{""station"":""810"",""ok"":1501,""nok"":1},{""station"":""915"",""ok"":1505,""nok"":0},{""station"":""940"",""ok"":1502,""nok"":1},{""station"":""960"",""ok"":1492,""nok"":5},{""station"":""CHW"",""ok"":1500,""nok"":16},{""station"":""CCC"",""ok"":1501,""nok"":0},{""station"":""MAT"",""ok"":1511,""nok"":9},{""station"":""EOL"",""ok"":1488,""nok"":2}]"
2026-02-20T14:00:00.000Z,2026-02-20T22:00:00.000Z,"WG REA FORD CA029",1010,480,480,350,130,39,169,0.8886,0.7014,0.9941,1010,6,No,"[{""station"":""620"",""ok"":1038,""nok"":0},{""station"":""730"",""ok"":1039,""nok"":0},{""station"":""731"",""ok"":1038,""nok"":0},{""station"":""750"",""ok"":1037,""nok"":0},{""station"":""810"",""ok"":1034,""nok"":2},{""station"":""915"",""ok"":1021,""nok"":0},{""station"":""940"",""ok"":1018,""nok"":1},{""station"":""960"",""ok"":1011,""nok"":4},{""station"":""CHW"",""ok"":1054,""nok"":11},{""station"":""CCC"",""ok"":1042,""nok"":8},{""station"":""MAT"",""ok"":1039,""nok"":1},{""station"":""EOL"",""ok"":1010,""nok"":6}]"
2026-02-20T22:00:00.000Z,2026-02-21T05:30:00.000Z,"WG REA FORD CA029",1177,450,450,438,12,17,29,0.9612,0.8719,0.9975,1177,3,No,"[{""station"":""620"",""ok"":1188,""nok"":0},{""station"":""730"",""ok"":1191,""nok"":0},{""station"":""731"",""ok"":1192,""nok"":0},{""station"":""750"",""ok"":1193,""nok"":0},{""station"":""810"",""ok"":1188,""nok"":1},{""station"":""915"",""ok"":1188,""nok"":0},{""station"":""940"",""ok"":1187,""nok"":0},{""station"":""960"",""ok"":1178,""nok"":0},{""station"":""CHW"",""ok"":1190,""nok"":25},{""station"":""CCC"",""ok"":1189,""nok"":0},{""station"":""MAT"",""ok"":1191,""nok"":1},{""station"":""EOL"",""ok"":1177,""nok"":3}]"
2026-02-21T05:30:00.000Z,2026-02-21T11:48:30.000Z,"WG REA FORD CA029",1069,379,379,359,20,4,24,0.9889,0.9402,0.9981,1069,2,No,"[{""station"":""620"",""ok"":1076,""nok"":0},{""station"":""730"",""ok"":1075,""nok"":0},{""station"":""731"",""ok"":1076,""nok"":0},{""station"":""750"",""ok"":1076,""nok"":0},{""station"":""810"",""ok"":1073,""nok"":2},{""station"":""915"",""ok"":1071,""nok"":0},{""station"":""940"",""ok"":1071,""nok"":1},{""station"":""960"",""ok"":1067,""nok"":5},{""station"":""CHW"",""ok"":1076,""nok"":18},{""station"":""CCC"",""ok"":1077,""nok"":0},{""station"":""MAT"",""ok"":1078,""nok"":2},{""station"":""EOL"",""ok"":1069,""nok"":2}]"
2026-02-21T11:50:30.000Z,2026-02-21T14:00:00.000Z,"WG REA FORD CA030",268,130,130,130,0,0,0,1.0000,0.6872,0.9963,268,1,No,"[{""station"":""620"",""ok"":276,""nok"":0},{""station"":""730"",""ok"":275,""nok"":0},{""station"":""731"",""ok"":274,""nok"":0},{""station"":""750"",""ok"":273,""nok"":0},{""station"":""810"",""ok"":273,""nok"":6},{""station"":""915"",""ok"":288,""nok"":0},{""station"":""940"",""ok"":286,""nok"":2},{""station"":""960"",""ok"":275,""nok"":3},{""station"":""CHW"",""ok"":277,""nok"":2},{""station"":""CCC"",""ok"":278,""nok"":0},{""station"":""MAT"",""ok"":274,""nok"":0},{""station"":""EOL"",""ok"":268,""nok"":1}]"
2026-02-21T14:00:00.000Z,2026-02-21T22:00:00.000Z,"WG REA FORD CA030",1284,480,480,448,32,50,82,0.8884,0.8917,1.0000,1284,0,No,"[{""station"":""620"",""ok"":1306,""nok"":0},{""station"":""730"",""ok"":1307,""nok"":0},{""station"":""731"",""ok"":1306,""nok"":0},{""station"":""750"",""ok"":1307,""nok"":0},{""station"":""810"",""ok"":1317,""nok"":3},{""station"":""915"",""ok"":1307,""nok"":0},{""station"":""940"",""ok"":1307,""nok"":1},{""station"":""960"",""ok"":1284,""nok"":17},{""station"":""CHW"",""ok"":1310,""nok"":26},{""station"":""CCC"",""ok"":1306,""nok"":3},{""station"":""MAT"",""ok"":1307,""nok"":0},{""station"":""EOL"",""ok"":1284,""nok"":0}]"
2026-02-21T22:00:00.000Z,2026-02-22T05:30:00.000Z,"WG REA FORD CA030",1249,450,450,373,77,4,81,0.9893,0.9252,1.0000,1249,0,No,"[{""station"":""620"",""ok"":1268,""nok"":0},{""station"":""730"",""ok"":1268,""nok"":1},{""station"":""731"",""ok"":1267,""nok"":0},{""station"":""750"",""ok"":1260,""nok"":0},{""station"":""810"",""ok"":1266,""nok"":0},{""station"":""915"",""ok"":1266,""nok"":0},{""station"":""940"",""ok"":1261,""nok"":1},{""station"":""960"",""ok"":1252,""nok"":3},{""station"":""CHW"",""ok"":1269,""nok"":13},{""station"":""CCC"",""ok"":1269,""nok"":0},{""station"":""MAT"",""ok"":1271,""nok"":1},{""station"":""EOL"",""ok"":1249,""nok"":0}]"
2026-02-22T05:30:00.000Z,2026-02-22T14:00:00.000Z,"WG REA FORD CA030",0,510,510,510,0,0,0,1.0000,0.0000,,0,0,No,"[{""station"":""620"",""ok"":0,""nok"":0},{""station"":""730"",""ok"":0,""nok"":0},{""station"":""731"",""ok"":0,""nok"":0},{""station"":""750"",""ok"":0,""nok"":0},{""station"":""810"",""ok"":0,""nok"":0},{""station"":""915"",""ok"":0,""nok"":0},{""station"":""940"",""ok"":0,""nok"":0},{""station"":""960"",""ok"":0,""nok"":0},{""station"":""CHW"",""ok"":0,""nok"":0},{""station"":""CCC"",""ok"":0,""nok"":0},{""station"":""MAT"",""ok"":0,""nok"":0},{""station"":""EOL"",""ok"":0,""nok"":0}]"
2026-02-22T14:00:00.000Z,2026-02-22T22:00:00.000Z,"WG REA FORD CA030",1255,480,480,437,43,28,71,0.9359,0.8715,0.9984,1255,2,No,"[{""station"":""620"",""ok"":1274,""nok"":0},{""station"":""730"",""ok"":1276,""nok"":1},{""station"":""731"",""ok"":1276,""nok"":0},{""station"":""750"",""ok"":1283,""nok"":0},{""station"":""810"",""ok"":1275,""nok"":4},{""station"":""915"",""ok"":1272,""nok"":0},{""station"":""940"",""ok"":1274,""nok"":0},{""station"":""960"",""ok"":1257,""nok"":7},{""station"":""CHW"",""ok"":1273,""nok"":15},{""station"":""CCC"",""ok"":1273,""nok"":0},{""station"":""MAT"",""ok"":1275,""nok"":6},{""station"":""EOL"",""ok"":1255,""nok"":2}]"
2026-02-22T22:00:00.000Z,2026-02-23T05:30:00.000Z,"WG REA FORD CA030",259,450,450,440,10,17,27,0.9614,0.1919,1.0000,259,0,No,"[{""station"":""620"",""ok"":279,""nok"":0},{""station"":""730"",""ok"":280,""nok"":0},{""station"":""731"",""ok"":280,""nok"":0},{""station"":""750"",""ok"":279,""nok"":0},{""station"":""810"",""ok"":274,""nok"":0},{""station"":""915"",""ok"":274,""nok"":0},{""station"":""940"",""ok"":266,""nok"":0},{""station"":""960"",""ok"":267,""nok"":3},{""station"":""CHW"",""ok"":277,""nok"":12},{""station"":""CCC"",""ok"":279,""nok"":0},{""station"":""MAT"",""ok"":276,""nok"":2},{""station"":""EOL"",""ok"":259,""nok"":0}]"
2026-02-23T05:30:00.000Z,2026-02-23T14:00:00.000Z,"WG REA FORD CA030",0,510,510,510,0,0,0,1.0000,0.0000,,0,0,No,"[{""station"":""620"",""ok"":0,""nok"":0},{""station"":""730"",""ok"":0,""nok"":0},{""station"":""731"",""ok"":0,""nok"":0},{""station"":""750"",""ok"":0,""nok"":0},{""station"":""810"",""ok"":0,""nok"":0},{""station"":""915"",""ok"":0,""nok"":0},{""station"":""940"",""ok"":0,""nok"":0},{""station"":""960"",""ok"":0,""nok"":0},{""station"":""CHW"",""ok"":0,""nok"":0},{""station"":""CCC"",""ok"":0,""nok"":0},{""station"":""MAT"",""ok"":0,""nok"":0},{""station"":""EOL"",""ok"":0,""nok"":0}]"
2026-02-23T14:00:00.000Z,2026-02-23T22:00:00.000Z,"WG REA FORD CA030",473,480,480,165,315,11,326,0.9333,0.3285,1.0000,473,0,No,"[{""station"":""620"",""ok"":484,""nok"":0},{""station"":""730"",""ok"":484,""nok"":0},{""station"":""731"",""ok"":485,""nok"":0},{""station"":""750"",""ok"":486,""nok"":0},{""station"":""810"",""ok"":493,""nok"":1},{""station"":""915"",""ok"":498,""nok"":0},{""station"":""940"",""ok"":496,""nok"":0},{""station"":""960"",""ok"":481,""nok"":9},{""station"":""CHW"",""ok"":478,""nok"":6},{""station"":""CCC"",""ok"":484,""nok"":1},{""station"":""MAT"",""ok"":485,""nok"":15},{""station"":""EOL"",""ok"":473,""nok"":0}]"
2026-02-23T22:00:00.000Z,2026-02-23T22:22:34.000Z,"WG REA FORD CA030",22,23,23,23,0,0,0,1.0000,0.3188,0.8462,22,4,No,"[{""station"":""620"",""ok"":3,""nok"":0},{""station"":""730"",""ok"":6,""nok"":0},{""station"":""731"",""ok"":6,""nok"":0},{""station"":""750"",""ok"":6,""nok"":0},{""station"":""810"",""ok"":7,""nok"":0},{""station"":""915"",""ok"":8,""nok"":0},{""station"":""940"",""ok"":16,""nok"":0},{""station"":""960"",""ok"":19,""nok"":0},{""station"":""CHW"",""ok"":0,""nok"":0},{""station"":""CCC"",""ok"":0,""nok"":0},{""station"":""MAT"",""ok"":5,""nok"":0},{""station"":""EOL"",""ok"":22,""nok"":4}]"
2026-02-23T22:23:34.000Z,2026-02-23T23:23:34.000Z,"WG REA FORD CA030 REWORK EOL",64,60,60,53,7,0,7,1.0000,0.3556,0.9275,64,5,Si,"[{""station"":""620"",""ok"":0,""nok"":0},{""station"":""730"",""ok"":0,""nok"":0},{""station"":""731"",""ok"":0,""nok"":0},{""station"":""750"",""ok"":0,""nok"":0},{""station"":""810"",""ok"":0,""nok"":0},{""station"":""915"",""ok"":0,""nok"":0},{""station"":""940"",""ok"":0,""nok"":0},{""station"":""960"",""ok"":0,""nok"":0},{""station"":""CHW"",""ok"":0,""nok"":0},{""station"":""CCC"",""ok"":0,""nok"":0},{""station"":""MAT"",""ok"":0,""nok"":0},{""station"":""EOL"",""ok"":64,""nok"":5}]"
2026-02-23T23:24:34.000Z,2026-02-24T05:30:00.000Z,"WG REA FORD CA029",852,365,365,268,97,0,97,1.0000,0.7781,0.9988,852,1,Si,"[{""station"":""620"",""ok"":911,""nok"":0},{""station"":""730"",""ok"":910,""nok"":0},{""station"":""731"",""ok"":909,""nok"":0},{""station"":""750"",""ok"":909,""nok"":0},{""station"":""810"",""ok"":904,""nok"":2},{""station"":""915"",""ok"":885,""nok"":0},{""station"":""940"",""ok"":879,""nok"":0},{""station"":""960"",""ok"":862,""nok"":7},{""station"":""CHW"",""ok"":917,""nok"":20},{""station"":""CCC"",""ok"":912,""nok"":0},{""station"":""MAT"",""ok"":911,""nok"":1},{""station"":""EOL"",""ok"":852,""nok"":1}]"
2026-02-24T05:30:00.000Z,2026-02-24T14:00:00.000Z,"WG REA FORD CA029",1395,510,510,480,30,5,35,0.9896,0.9118,0.9979,1395,3,No,"[{""station"":""620"",""ok"":1396,""nok"":0},{""station"":""730"",""ok"":1394,""nok"":0},{""station"":""731"",""ok"":1394,""nok"":0},{""station"":""750"",""ok"":1394,""nok"":0},{""station"":""810"",""ok"":1390,""nok"":1},{""station"":""915"",""ok"":1410,""nok"":0},{""station"":""940"",""ok"":1406,""nok"":0},{""station"":""960"",""ok"":1399,""nok"":5},{""station"":""CHW"",""ok"":1397,""nok"":16},{""station"":""CCC"",""ok"":1398,""nok"":0},{""station"":""MAT"",""ok"":1393,""nok"":2},{""station"":""EOL"",""ok"":1395,""nok"":3}]"
2026-02-24T14:00:00.000Z,2026-02-24T22:00:00.000Z,"WG REA FORD CA029",1172,480,480,459,21,5,26,0.9891,0.8139,0.9991,1172,1,No,"[{""station"":""620"",""ok"":1266,""nok"":0},{""station"":""730"",""ok"":1266,""nok"":0},{""station"":""731"",""ok"":1267,""nok"":0},{""station"":""750"",""ok"":1267,""nok"":0},{""station"":""810"",""ok"":1233,""nok"":1},{""station"":""915"",""ok"":1255,""nok"":0},{""station"":""940"",""ok"":1237,""nok"":0},{""station"":""960"",""ok"":1208,""nok"":7},{""station"":""CHW"",""ok"":1233,""nok"":25},{""station"":""CCC"",""ok"":1266,""nok"":1},{""station"":""MAT"",""ok"":1232,""nok"":3},{""station"":""EOL"",""ok"":1172,""nok"":1}]"
2026-02-24T22:00:00.000Z,2026-02-25T05:30:00.000Z,"WG REA FORD CA029",1098,450,450,436,14,53,67,0.8784,0.8133,0.9982,1098,2,No,"[{""station"":""620"",""ok"":1100,""nok"":0},{""station"":""730"",""ok"":1102,""nok"":0},{""station"":""731"",""ok"":1103,""nok"":0},{""station"":""750"",""ok"":1104,""nok"":0},{""station"":""810"",""ok"":1110,""nok"":1},{""station"":""915"",""ok"":1111,""nok"":0},{""station"":""940"",""ok"":1109,""nok"":7},{""station"":""960"",""ok"":1099,""nok"":6},{""station"":""CHW"",""ok"":1099,""nok"":22},{""station"":""CCC"",""ok"":1098,""nok"":0},{""station"":""MAT"",""ok"":1103,""nok"":0},{""station"":""EOL"",""ok"":1098,""nok"":2}]"
2026-02-25T05:30:00.000Z,2026-02-25T13:45:38.000Z,"WG REA FORD CA029",1194,496,496,484,12,57,69,0.8822,0.8024,1.0000,1194,0,No,"[{""station"":""620"",""ok"":1214,""nok"":0},{""station"":""730"",""ok"":1214,""nok"":0},{""station"":""731"",""ok"":1214,""nok"":0},{""station"":""750"",""ok"":1214,""nok"":0},{""station"":""810"",""ok"":1214,""nok"":2},{""station"":""915"",""ok"":1211,""nok"":0},{""station"":""940"",""ok"":1203,""nok"":8},{""station"":""960"",""ok"":1192,""nok"":7},{""station"":""CHW"",""ok"":1211,""nok"":5},{""station"":""CCC"",""ok"":1214,""nok"":5},{""station"":""MAT"",""ok"":1218,""nok"":4},{""station"":""EOL"",""ok"":1194,""nok"":0}]"
2026-02-25T13:46:38.000Z,2026-02-25T14:00:00.000Z,"WG REA STELLANTIS CA042",0,13,13,13,0,0,0,1.0000,0.0000,,0,0,No,"[{""station"":""620"",""ok"":0,""nok"":0},{""station"":""730"",""ok"":0,""nok"":0},{""station"":""731"",""ok"":0,""nok"":0},{""station"":""750"",""ok"":0,""nok"":0},{""station"":""810"",""ok"":0,""nok"":0},{""station"":""915"",""ok"":0,""nok"":0},{""station"":""940"",""ok"":0,""nok"":0},{""station"":""960"",""ok"":0,""nok"":0},{""station"":""CHW"",""ok"":0,""nok"":0},{""station"":""CCC"",""ok"":0,""nok"":0},{""station"":""MAT"",""ok"":0,""nok"":0},{""station"":""EOL"",""ok"":0,""nok"":0}]"
2026-02-25T14:00:00.000Z,2026-02-25T22:00:00.000Z,"WG REA STELLANTIS CA042",0,480,480,0,480,0,480,0.0000,0.0000,,0,0,Si,"[{""station"":""620"",""ok"":36,""nok"":0},{""station"":""730"",""ok"":43,""nok"":0},{""station"":""731"",""ok"":43,""nok"":0},{""station"":""750"",""ok"":43,""nok"":0},{""station"":""810"",""ok"":37,""nok"":0},{""station"":""915"",""ok"":23,""nok"":0},{""station"":""940"",""ok"":16,""nok"":0},{""station"":""960"",""ok"":8,""nok"":2},{""station"":""CHW"",""ok"":53,""nok"":31},{""station"":""CCC"",""ok"":41,""nok"":6},{""station"":""MAT"",""ok"":45,""nok"":0},{""station"":""EOL"",""ok"":0,""nok"":0}]"
2026-02-25T22:00:00.000Z,2026-02-26T05:30:00.000Z,"WG REA STELLANTIS CA042",519,450,450,332,118,122,240,0.6325,0.3844,0.9848,519,8,Si,"[{""station"":""620"",""ok"":582,""nok"":0},{""station"":""730"",""ok"":582,""nok"":0},{""station"":""731"",""ok"":582,""nok"":0},{""station"":""750"",""ok"":582,""nok"":0},{""station"":""810"",""ok"":576,""nok"":0},{""station"":""915"",""ok"":571,""nok"":0},{""station"":""940"",""ok"":563,""nok"":6},{""station"":""960"",""ok"":533,""nok"":6},{""station"":""CHW"",""ok"":590,""nok"":33},{""station"":""CCC"",""ok"":583,""nok"":6},{""station"":""MAT"",""ok"":583,""nok"":1},{""station"":""EOL"",""ok"":519,""nok"":8}]"
2026-02-26T05:30:00.000Z,2026-02-26T14:00:00.000Z,"WG REA STELLANTIS CA042",1097,510,510,490,20,47,67,0.9041,0.7170,0.9691,1097,35,No,"[{""station"":""620"",""ok"":1147,""nok"":0},{""station"":""730"",""ok"":1146,""nok"":0},{""station"":""731"",""ok"":1144,""nok"":0},{""station"":""750"",""ok"":1143,""nok"":0},{""station"":""810"",""ok"":1148,""nok"":1},{""station"":""915"",""ok"":1166,""nok"":0},{""station"":""940"",""ok"":1156,""nok"":12},{""station"":""960"",""ok"":1129,""nok"":7},{""station"":""CHW"",""ok"":1151,""nok"":15},{""station"":""CCC"",""ok"":1148,""nok"":3},{""station"":""MAT"",""ok"":1145,""nok"":12},{""station"":""EOL"",""ok"":1097,""nok"":35}]"
2026-02-26T14:00:00.000Z,2026-02-26T16:02:40.000Z,"WG REA STELLANTIS CA042",339,123,123,123,0,0,0,1.0000,0.9187,0.9855,339,5,No,"[{""station"":""620"",""ok"":340,""nok"":0},{""station"":""730"",""ok"":339,""nok"":0},{""station"":""731"",""ok"":340,""nok"":0},{""station"":""750"",""ok"":334,""nok"":0},{""station"":""810"",""ok"":324,""nok"":0},{""station"":""915"",""ok"":326,""nok"":0},{""station"":""940"",""ok"":330,""nok"":1},{""station"":""960"",""ok"":334,""nok"":0},{""station"":""CHW"",""ok"":341,""nok"":6},{""station"":""CCC"",""ok"":342,""nok"":0},{""station"":""MAT"",""ok"":343,""nok"":9},{""station"":""EOL"",""ok"":339,""nok"":5}]"
2026-02-26T16:03:40.000Z,2026-02-26T16:56:40.000Z,"WG REA STELLANTIS CA042 REWORK EOL",64,53,53,36,17,0,17,1.0000,0.4025,0.9143,64,6,Si,"[{""station"":""620"",""ok"":0,""nok"":0},{""station"":""730"",""ok"":0,""nok"":0},{""station"":""731"",""ok"":0,""nok"":0},{""station"":""750"",""ok"":0,""nok"":0},{""station"":""810"",""ok"":0,""nok"":0},{""station"":""915"",""ok"":0,""nok"":0},{""station"":""940"",""ok"":0,""nok"":0},{""station"":""960"",""ok"":0,""nok"":0},{""station"":""CHW"",""ok"":0,""nok"":0},{""station"":""CCC"",""ok"":0,""nok"":0},{""station"":""MAT"",""ok"":0,""nok"":0},{""station"":""EOL"",""ok"":64,""nok"":6}]"
2026-02-26T16:57:40.000Z,2026-02-26T22:00:00.000Z,"WG REA STELLANTIS CA043",118,302,302,0,302,2,304,0.0000,0.1302,0.8939,118,14,Si,"[{""station"":""620"",""ok"":179,""nok"":0},{""station"":""730"",""ok"":182,""nok"":0},{""station"":""731"",""ok"":182,""nok"":0},{""station"":""750"",""ok"":188,""nok"":0},{""station"":""810"",""ok"":194,""nok"":0},{""station"":""915"",""ok"":174,""nok"":0},{""station"":""940"",""ok"":164,""nok"":2},{""station"":""960"",""ok"":148,""nok"":5},{""station"":""CHW"",""ok"":177,""nok"":1},{""station"":""CCC"",""ok"":176,""nok"":1},{""station"":""MAT"",""ok"":180,""nok"":2},{""station"":""EOL"",""ok"":118,""nok"":14}]"
2026-02-26T22:00:00.000Z,2026-02-27T05:30:00.000Z,"WG REA STELLANTIS CA043",778,450,450,397,53,135,188,0.6599,0.5763,0.9465,778,44,No,"[{""station"":""620"",""ok"":838,""nok"":0},{""station"":""730"",""ok"":838,""nok"":0},{""station"":""731"",""ok"":839,""nok"":0},{""station"":""750"",""ok"":839,""nok"":0},{""station"":""810"",""ok"":842,""nok"":3},{""station"":""915"",""ok"":844,""nok"":0},{""station"":""940"",""ok"":835,""nok"":13},{""station"":""960"",""ok"":817,""nok"":6},{""station"":""CHW"",""ok"":839,""nok"":6},{""station"":""CCC"",""ok"":839,""nok"":1},{""station"":""MAT"",""ok"":839,""nok"":4},{""station"":""EOL"",""ok"":778,""nok"":44}]"
2026-02-27T05:30:00.000Z,2026-02-27T12:32:41.000Z,"WG REA STELLANTIS CA043",991,423,423,390,33,36,69,0.9077,0.7809,0.9288,991,76,No,"[{""station"":""620"",""ok"":1048,""nok"":0},{""station"":""730"",""ok"":1048,""nok"":2},{""station"":""731"",""ok"":1049,""nok"":0},{""station"":""750"",""ok"":1050,""nok"":0},{""station"":""810"",""ok"":1052,""nok"":0},{""station"":""915"",""ok"":1068,""nok"":0},{""station"":""940"",""ok"":1052,""nok"":21},{""station"":""960"",""ok"":1052,""nok"":4},{""station"":""CHW"",""ok"":1041,""nok"":26},{""station"":""CCC"",""ok"":1046,""nok"":1},{""station"":""MAT"",""ok"":1050,""nok"":4},{""station"":""EOL"",""ok"":991,""nok"":76}]"
2026-02-27T12:33:41.000Z,2026-02-27T13:33:41.000Z,"WG REA STELLANTIS CA043 RW EOL",126,60,60,60,0,0,0,1.0000,0.7000,0.8873,126,16,No,"[{""station"":""620"",""ok"":0,""nok"":0},{""station"":""730"",""ok"":0,""nok"":0},{""station"":""731"",""ok"":0,""nok"":0},{""station"":""750"",""ok"":0,""nok"":0},{""station"":""810"",""ok"":0,""nok"":0},{""station"":""915"",""ok"":0,""nok"":0},{""station"":""940"",""ok"":0,""nok"":0},{""station"":""960"",""ok"":0,""nok"":0},{""station"":""CHW"",""ok"":0,""nok"":0},{""station"":""CCC"",""ok"":0,""nok"":0},{""station"":""MAT"",""ok"":0,""nok"":0},{""station"":""EOL"",""ok"":126,""nok"":16}]"
2026-02-27T13:34:41.000Z,2026-02-27T14:00:00.000Z,"WG REA STELLANTIS CA043 RW NO BRANSON",35,25,25,25,0,0,0,1.0000,0.4667,0.9459,35,2,No,"[{""station"":""620"",""ok"":0,""nok"":0},{""station"":""730"",""ok"":0,""nok"":0},{""station"":""731"",""ok"":0,""nok"":0},{""station"":""750"",""ok"":0,""nok"":0},{""station"":""810"",""ok"":0,""nok"":0},{""station"":""915"",""ok"":0,""nok"":0},{""station"":""940"",""ok"":45,""nok"":2},{""station"":""960"",""ok"":43,""nok"":0},{""station"":""CHW"",""ok"":0,""nok"":0},{""station"":""CCC"",""ok"":0,""nok"":0},{""station"":""MAT"",""ok"":0,""nok"":0},{""station"":""EOL"",""ok"":35,""nok"":2}]"
2026-02-27T14:00:00.000Z,2026-02-27T17:55:42.000Z,"WG REA STELLANTIS CA043 RW NO BRANSON",14,236,236,0,236,0,236,0.0000,0.0198,0.8235,14,3,Si,"[{""station"":""620"",""ok"":0,""nok"":0},{""station"":""730"",""ok"":0,""nok"":0},{""station"":""731"",""ok"":0,""nok"":0},{""station"":""750"",""ok"":0,""nok"":0},{""station"":""810"",""ok"":0,""nok"":0},{""station"":""915"",""ok"":0,""nok"":0},{""station"":""940"",""ok"":14,""nok"":40},{""station"":""960"",""ok"":14,""nok"":0},{""station"":""CHW"",""ok"":0,""nok"":0},{""station"":""CCC"",""ok"":0,""nok"":0},{""station"":""MAT"",""ok"":0,""nok"":0},{""station"":""EOL"",""ok"":14,""nok"":3}]"
2026-02-27T17:56:42.000Z,2026-02-27T22:00:00.000Z,"WG REA MITSUBISHI 3140CA045",0,243,243,240,3,0,3,1.0000,0.0000,,0,0,Si,"[{""station"":""620"",""ok"":20,""nok"":0},{""station"":""730"",""ok"":18,""nok"":0},{""station"":""731"",""ok"":17,""nok"":0},{""station"":""750"",""ok"":15,""nok"":1},{""station"":""810"",""ok"":9,""nok"":17},{""station"":""915"",""ok"":8,""nok"":0},{""station"":""940"",""ok"":5,""nok"":1},{""station"":""960"",""ok"":0,""nok"":1},{""station"":""CHW"",""ok"":29,""nok"":1},{""station"":""CCC"",""ok"":22,""nok"":1},{""station"":""MAT"",""ok"":20,""nok"":0},{""station"":""EOL"",""ok"":0,""nok"":0}]"
2026-02-27T22:00:00.000Z,2026-02-28T05:30:00.000Z,"WG REA MITSUBISHI 3140CA045",2,450,450,445,5,10,15,0.9775,0.0015,0.5000,2,2,No,"[{""station"":""620"",""ok"":53,""nok"":0},{""station"":""730"",""ok"":57,""nok"":0},{""station"":""731"",""ok"":58,""nok"":0},{""station"":""750"",""ok"":53,""nok"":0},{""station"":""810"",""ok"":49,""nok"":41},{""station"":""915"",""ok"":38,""nok"":0},{""station"":""940"",""ok"":34,""nok"":0},{""station"":""960"",""ok"":21,""nok"":0},{""station"":""CHW"",""ok"":55,""nok"":4},{""station"":""CCC"",""ok"":52,""nok"":2},{""station"":""MAT"",""ok"":57,""nok"":0},{""station"":""EOL"",""ok"":2,""nok"":2}]"
2026-02-28T05:30:00.000Z,2026-02-28T09:53:44.000Z,"WG REA MITSUBISHI 3140CA045",333,264,264,264,0,6,6,0.9773,0.4205,0.7055,333,139,No,"[{""station"":""620"",""ok"":484,""nok"":0},{""station"":""730"",""ok"":488,""nok"":0},{""station"":""731"",""ok"":487,""nok"":0},{""station"":""750"",""ok"":480,""nok"":6},{""station"":""810"",""ok"":473,""nok"":157},{""station"":""915"",""ok"":485,""nok"":0},{""station"":""940"",""ok"":485,""nok"":5},{""station"":""960"",""ok"":472,""nok"":3},{""station"":""CHW"",""ok"":481,""nok"":18},{""station"":""CCC"",""ok"":487,""nok"":1},{""station"":""MAT"",""ok"":487,""nok"":5},{""station"":""EOL"",""ok"":333,""nok"":139}]"
2026-02-28T09:54:44.000Z,2026-02-28T10:27:44.000Z,"WG REA MITSUBISHI 3140CA045 EOL RW",33,33,33,33,0,0,0,1.0000,0.3333,0.6875,33,15,No,"[{""station"":""620"",""ok"":0,""nok"":0},{""station"":""730"",""ok"":0,""nok"":0},{""station"":""731"",""ok"":0,""nok"":0},{""station"":""750"",""ok"":0,""nok"":0},{""station"":""810"",""ok"":0,""nok"":0},{""station"":""915"",""ok"":0,""nok"":0},{""station"":""940"",""ok"":0,""nok"":0},{""station"":""960"",""ok"":0,""nok"":0},{""station"":""CHW"",""ok"":0,""nok"":0},{""station"":""CCC"",""ok"":0,""nok"":0},{""station"":""MAT"",""ok"":0,""nok"":0},{""station"":""EOL"",""ok"":33,""nok"":15}]"
2026-02-28T10:28:44.000Z,2026-02-28T14:00:00.000Z,"WG REA FORD CA029",8,211,211,211,0,0,0,1.0000,0.0126,0.6154,8,5,No,"[{""station"":""620"",""ok"":42,""nok"":1},{""station"":""730"",""ok"":39,""nok"":0},{""station"":""731"",""ok"":39,""nok"":0},{""station"":""750"",""ok"":39,""nok"":0},{""station"":""810"",""ok"":40,""nok"":1},{""station"":""915"",""ok"":24,""nok"":0},{""station"":""940"",""ok"":21,""nok"":0},{""station"":""960"",""ok"":17,""nok"":1},{""station"":""CHW"",""ok"":57,""nok"":7},{""station"":""CCC"",""ok"":44,""nok"":6},{""station"":""MAT"",""ok"":43,""nok"":1},{""station"":""EOL"",""ok"":8,""nok"":5}]"
2026-02-28T14:00:00.000Z,2026-02-28T22:00:00.000Z,"WG REA FORD CA029",0,480,480,480,0,0,0,1.0000,0.0000,,0,0,No,"[{""station"":""620"",""ok"":15,""nok"":0},{""station"":""730"",""ok"":14,""nok"":1},{""station"":""731"",""ok"":14,""nok"":0},{""station"":""750"",""ok"":8,""nok"":0},{""station"":""810"",""ok"":4,""nok"":0},{""station"":""915"",""ok"":7,""nok"":0},{""station"":""940"",""ok"":5,""nok"":0},{""station"":""960"",""ok"":2,""nok"":0},{""station"":""CHW"",""ok"":15,""nok"":0},{""station"":""CCC"",""ok"":15,""nok"":0},{""station"":""MAT"",""ok"":12,""nok"":0},{""station"":""EOL"",""ok"":0,""nok"":0}]"
2026-02-28T22:00:00.000Z,2026-03-01T05:30:00.000Z,"WG REA FORD CA029",678,450,450,367,83,74,157,0.7984,0.5022,0.9855,678,10,Si,"[{""station"":""620"",""ok"":760,""nok"":0},{""station"":""730"",""ok"":765,""nok"":0},{""station"":""731"",""ok"":765,""nok"":0},{""station"":""750"",""ok"":773,""nok"":0},{""station"":""810"",""ok"":771,""nok"":0},{""station"":""915"",""ok"":758,""nok"":0},{""station"":""940"",""ok"":723,""nok"":34},{""station"":""960"",""ok"":695,""nok"":18},{""station"":""CHW"",""ok"":766,""nok"":5},{""station"":""CCC"",""ok"":762,""nok"":4},{""station"":""MAT"",""ok"":766,""nok"":3},{""station"":""EOL"",""ok"":678,""nok"":10}]"
2026-03-01T05:30:00.000Z,2026-03-01T14:00:00.000Z,"WG REA FORD CA029",0,510,510,510,0,0,0,1.0000,0.0000,,0,0,No,"[{""station"":""620"",""ok"":0,""nok"":0},{""station"":""730"",""ok"":0,""nok"":0},{""station"":""731"",""ok"":0,""nok"":0},{""station"":""750"",""ok"":0,""nok"":0},{""station"":""810"",""ok"":0,""nok"":0},{""station"":""915"",""ok"":0,""nok"":0},{""station"":""940"",""ok"":0,""nok"":0},{""station"":""960"",""ok"":0,""nok"":0},{""station"":""CHW"",""ok"":0,""nok"":0},{""station"":""CCC"",""ok"":0,""nok"":0},{""station"":""MAT"",""ok"":0,""nok"":0},{""station"":""EOL"",""ok"":0,""nok"":0}]"
2026-03-01T14:00:00.000Z,2026-03-01T22:00:00.000Z,"WG REA FORD CA029",956,480,480,367,113,10,123,0.9728,0.6639,0.9958,956,4,No,"[{""station"":""620"",""ok"":1017,""nok"":0},{""station"":""730"",""ok"":1017,""nok"":0},{""station"":""731"",""ok"":1016,""nok"":0},{""station"":""750"",""ok"":1015,""nok"":0},{""station"":""810"",""ok"":1018,""nok"":2},{""station"":""915"",""ok"":1033,""nok"":0},{""station"":""940"",""ok"":985,""nok"":48},{""station"":""960"",""ok"":960,""nok"":21},{""station"":""CHW"",""ok"":1018,""nok"":63},{""station"":""CCC"",""ok"":1017,""nok"":1},{""station"":""MAT"",""ok"":1016,""nok"":2},{""station"":""EOL"",""ok"":956,""nok"":4}]"
2026-03-01T22:00:00.000Z,2026-03-02T05:30:00.000Z,"WG REA FORD CA029",329,450,450,449,1,2,3,0.9955,0.2437,1.0000,329,0,No,"[{""station"":""620"",""ok"":345,""nok"":0},{""station"":""730"",""ok"":344,""nok"":0},{""station"":""731"",""ok"":344,""nok"":0},{""station"":""750"",""ok"":344,""nok"":0},{""station"":""810"",""ok"":343,""nok"":0},{""station"":""915"",""ok"":335,""nok"":0},{""station"":""940"",""ok"":329,""nok"":3},{""station"":""960"",""ok"":330,""nok"":0},{""station"":""CHW"",""ok"":347,""nok"":5},{""station"":""CCC"",""ok"":347,""nok"":0},{""station"":""MAT"",""ok"":344,""nok"":1},{""station"":""EOL"",""ok"":329,""nok"":0}]"
2026-03-02T05:30:00.000Z,2026-03-02T14:00:00.000Z,"WG REA FORD CA029",1,510,510,510,0,0,0,1.0000,0.0007,1.0000,1,0,No,"[{""station"":""620"",""ok"":0,""nok"":0},{""station"":""730"",""ok"":0,""nok"":0},{""station"":""731"",""ok"":0,""nok"":0},{""station"":""750"",""ok"":0,""nok"":0},{""station"":""810"",""ok"":3,""nok"":0},{""station"":""915"",""ok"":0,""nok"":0},{""station"":""940"",""ok"":1,""nok"":0},{""station"":""960"",""ok"":0,""nok"":0},{""station"":""CHW"",""ok"":0,""nok"":0},{""station"":""CCC"",""ok"":0,""nok"":0},{""station"":""MAT"",""ok"":0,""nok"":0},{""station"":""EOL"",""ok"":1,""nok"":0}]"
2026-03-02T14:00:00.000Z,2026-03-02T22:00:00.000Z,"WG REA FORD CA029",594,480,480,366,114,170,284,0.5355,0.4125,0.9917,594,5,No,"[{""station"":""620"",""ok"":630,""nok"":0},{""station"":""730"",""ok"":632,""nok"":0},{""station"":""731"",""ok"":633,""nok"":0},{""station"":""750"",""ok"":633,""nok"":0},{""station"":""810"",""ok"":626,""nok"":1},{""station"":""915"",""ok"":627,""nok"":0},{""station"":""940"",""ok"":616,""nok"":12},{""station"":""960"",""ok"":600,""nok"":8},{""station"":""CHW"",""ok"":633,""nok"":39},{""station"":""CCC"",""ok"":629,""nok"":5},{""station"":""MAT"",""ok"":633,""nok"":0},{""station"":""EOL"",""ok"":594,""nok"":5}]"
2026-03-02T22:00:00.000Z,2026-03-03T05:30:00.000Z,"WG REA FORD CA029",1177,450,450,424,26,6,32,0.9858,0.8719,0.9975,1177,3,No,"[{""station"":""620"",""ok"":1201,""nok"":0},{""station"":""730"",""ok"":1199,""nok"":0},{""station"":""731"",""ok"":1198,""nok"":0},{""station"":""750"",""ok"":1197,""nok"":0},{""station"":""810"",""ok"":1201,""nok"":2},{""station"":""915"",""ok"":1212,""nok"":0},{""station"":""940"",""ok"":1189,""nok"":21},{""station"":""960"",""ok"":1179,""nok"":11},{""station"":""CHW"",""ok"":1201,""nok"":51},{""station"":""CCC"",""ok"":1201,""nok"":0},{""station"":""MAT"",""ok"":1197,""nok"":0},{""station"":""EOL"",""ok"":1177,""nok"":3}]"
2026-03-03T05:30:00.000Z,2026-03-03T14:00:00.000Z,"WG REA FORD CA029",1401,510,510,492,18,23,41,0.9533,0.9157,0.9901,1401,14,No,"[{""station"":""620"",""ok"":1456,""nok"":0},{""station"":""730"",""ok"":1457,""nok"":0},{""station"":""731"",""ok"":1456,""nok"":0},{""station"":""750"",""ok"":1456,""nok"":0},{""station"":""810"",""ok"":1455,""nok"":3},{""station"":""915"",""ok"":1447,""nok"":0},{""station"":""940"",""ok"":1414,""nok"":32},{""station"":""960"",""ok"":1401,""nok"":9},{""station"":""CHW"",""ok"":1457,""nok"":30},{""station"":""CCC"",""ok"":1457,""nok"":0},{""station"":""MAT"",""ok"":1460,""nok"":3},{""station"":""EOL"",""ok"":1401,""nok"":14}]"
2026-03-03T14:00:00.000Z,2026-03-03T22:00:00.000Z,"WG REA FORD CA029",1149,480,480,480,0,103,103,0.7854,0.7979,0.9931,1149,8,No,"[{""station"":""620"",""ok"":1172,""nok"":0},{""station"":""730"",""ok"":1175,""nok"":1},{""station"":""731"",""ok"":1176,""nok"":0},{""station"":""750"",""ok"":1177,""nok"":0},{""station"":""810"",""ok"":1179,""nok"":1},{""station"":""915"",""ok"":1176,""nok"":0},{""station"":""940"",""ok"":1174,""nok"":3},{""station"":""960"",""ok"":1150,""nok"":14},{""station"":""CHW"",""ok"":1172,""nok"":33},{""station"":""CCC"",""ok"":1170,""nok"":3},{""station"":""MAT"",""ok"":1181,""nok"":3},{""station"":""EOL"",""ok"":1149,""nok"":8}]"
2026-03-03T22:00:00.000Z,2026-03-04T05:30:00.000Z,"WG REA FORD CA029",1228,450,450,416,34,23,57,0.9447,0.9096,0.9856,1228,18,No,"[{""station"":""620"",""ok"":1251,""nok"":0},{""station"":""730"",""ok"":1250,""nok"":0},{""station"":""731"",""ok"":1248,""nok"":0},{""station"":""750"",""ok"":1247,""nok"":0},{""station"":""810"",""ok"":1246,""nok"":1},{""station"":""915"",""ok"":1242,""nok"":0},{""station"":""940"",""ok"":1233,""nok"":4},{""station"":""960"",""ok"":1228,""nok"":3},{""station"":""CHW"",""ok"":1254,""nok"":36},{""station"":""CCC"",""ok"":1254,""nok"":1},{""station"":""MAT"",""ok"":1251,""nok"":1},{""station"":""EOL"",""ok"":1228,""nok"":18}]"
2026-03-04T05:30:00.000Z,2026-03-04T14:00:00.000Z,"WG REA FORD CA029",1443,510,510,509,1,7,8,0.9862,0.9431,0.9979,1443,3,No,"[{""station"":""620"",""ok"":1468,""nok"":0},{""station"":""730"",""ok"":1468,""nok"":1},{""station"":""731"",""ok"":1469,""nok"":0},{""station"":""750"",""ok"":1467,""nok"":0},{""station"":""810"",""ok"":1459,""nok"":0},{""station"":""915"",""ok"":1466,""nok"":0},{""station"":""940"",""ok"":1459,""nok"":8},{""station"":""960"",""ok"":1443,""nok"":12},{""station"":""CHW"",""ok"":1467,""nok"":16},{""station"":""CCC"",""ok"":1467,""nok"":1},{""station"":""MAT"",""ok"":1476,""nok"":6},{""station"":""EOL"",""ok"":1443,""nok"":3}]"
2026-03-04T14:00:00.000Z,2026-03-04T22:00:00.000Z,"WG REA FORD CA029",1147,480,480,403,77,31,108,0.9231,0.7965,0.9991,1147,1,No,"[{""station"":""620"",""ok"":1177,""nok"":0},{""station"":""730"",""ok"":1178,""nok"":1},{""station"":""731"",""ok"":1176,""nok"":0},{""station"":""750"",""ok"":1178,""nok"":0},{""station"":""810"",""ok"":1186,""nok"":4},{""station"":""915"",""ok"":1179,""nok"":0},{""station"":""940"",""ok"":1171,""nok"":6},{""station"":""960"",""ok"":1148,""nok"":10},{""station"":""CHW"",""ok"":1179,""nok"":8},{""station"":""CCC"",""ok"":1178,""nok"":1},{""station"":""MAT"",""ok"":1179,""nok"":2},{""station"":""EOL"",""ok"":1147,""nok"":1}]"
2026-03-04T22:00:00.000Z,2026-03-05T05:30:00.000Z,"WG REA FORD CA029",1208,450,450,432,18,13,31,0.9699,0.8948,0.9967,1208,4,No,"[{""station"":""620"",""ok"":1219,""nok"":0},{""station"":""730"",""ok"":1222,""nok"":0},{""station"":""731"",""ok"":1223,""nok"":0},{""station"":""750"",""ok"":1224,""nok"":0},{""station"":""810"",""ok"":1216,""nok"":1},{""station"":""915"",""ok"":1211,""nok"":0},{""station"":""940"",""ok"":1212,""nok"":1},{""station"":""960"",""ok"":1208,""nok"":2},{""station"":""CHW"",""ok"":1219,""nok"":14},{""station"":""CCC"",""ok"":1218,""nok"":1},{""station"":""MAT"",""ok"":1223,""nok"":0},{""station"":""EOL"",""ok"":1208,""nok"":4}]"
2026-03-05T05:30:00.000Z,2026-03-05T14:00:00.000Z,"WG REA FORD CA029",0,510,510,491,19,63,82,0.8717,0.0000,,0,0,No,"[{""station"":""620"",""ok"":0,""nok"":0},{""station"":""730"",""ok"":0,""nok"":0},{""station"":""731"",""ok"":0,""nok"":0},{""station"":""750"",""ok"":0,""nok"":0},{""station"":""810"",""ok"":1,""nok"":0},{""station"":""915"",""ok"":0,""nok"":0},{""station"":""940"",""ok"":0,""nok"":0},{""station"":""960"",""ok"":0,""nok"":0},{""station"":""CHW"",""ok"":0,""nok"":0},{""station"":""CCC"",""ok"":0,""nok"":0},{""station"":""MAT"",""ok"":0,""nok"":0},{""station"":""EOL"",""ok"":0,""nok"":0}]"
2026-03-05T14:00:00.000Z,2026-03-05T22:00:00.000Z,"WG REA FORD CA029",1065,480,480,456,24,109,133,0.7610,0.7396,0.9944,1065,6,No,"[{""station"":""620"",""ok"":1075,""nok"":0},{""station"":""730"",""ok"":1076,""nok"":0},{""station"":""731"",""ok"":1076,""nok"":0},{""station"":""750"",""ok"":1076,""nok"":0},{""station"":""810"",""ok"":1084,""nok"":2},{""station"":""915"",""ok"":1086,""nok"":0},{""station"":""940"",""ok"":1081,""nok"":5},{""station"":""960"",""ok"":1071,""nok"":3},{""station"":""CHW"",""ok"":1079,""nok"":7},{""station"":""CCC"",""ok"":1075,""nok"":4},{""station"":""MAT"",""ok"":1077,""nok"":1},{""station"":""EOL"",""ok"":1065,""nok"":6}]"
2026-03-05T22:00:00.000Z,2026-03-05T23:36:55.000Z,"WG REA FORD CA029",273,97,97,83,14,0,14,1.0000,0.9381,1.0000,273,0,No,"[{""station"":""620"",""ok"":268,""nok"":0},{""station"":""730"",""ok"":266,""nok"":0},{""station"":""731"",""ok"":266,""nok"":0},{""station"":""750"",""ok"":265,""nok"":0},{""station"":""810"",""ok"":257,""nok"":0},{""station"":""915"",""ok"":262,""nok"":0},{""station"":""940"",""ok"":265,""nok"":1},{""station"":""960"",""ok"":266,""nok"":2},{""station"":""CHW"",""ok"":271,""nok"":2},{""station"":""CCC"",""ok"":270,""nok"":1},{""station"":""MAT"",""ok"":266,""nok"":0},{""station"":""EOL"",""ok"":273,""nok"":0}]"
2026-03-05T23:37:55.000Z,2026-03-06T05:30:00.000Z,"WG REA FORD CA030",598,352,352,352,0,0,0,1.0000,0.5663,0.9787,598,13,No,"[{""station"":""620"",""ok"":654,""nok"":0},{""station"":""730"",""ok"":656,""nok"":0},{""station"":""731"",""ok"":657,""nok"":0},{""station"":""750"",""ok"":656,""nok"":0},{""station"":""810"",""ok"":663,""nok"":2},{""station"":""915"",""ok"":649,""nok"":0},{""station"":""940"",""ok"":641,""nok"":5},{""station"":""960"",""ok"":611,""nok"":16},{""station"":""CHW"",""ok"":653,""nok"":12},{""station"":""CCC"",""ok"":652,""nok"":1},{""station"":""MAT"",""ok"":657,""nok"":0},{""station"":""EOL"",""ok"":598,""nok"":13}]"
2026-03-06T05:30:00.000Z,2026-03-06T14:00:00.000Z,"WG REA FORD CA030",1422,510,510,495,15,4,19,0.9919,0.9294,0.9909,1422,13,No,"[{""station"":""620"",""ok"":1461,""nok"":0},{""station"":""730"",""ok"":1458,""nok"":1},{""station"":""731"",""ok"":1456,""nok"":0},{""station"":""750"",""ok"":1450,""nok"":0},{""station"":""810"",""ok"":1441,""nok"":4},{""station"":""915"",""ok"":1459,""nok"":0},{""station"":""940"",""ok"":1443,""nok"":15},{""station"":""960"",""ok"":1425,""nok"":10},{""station"":""CHW"",""ok"":1466,""nok"":24},{""station"":""CCC"",""ok"":1464,""nok"":2},{""station"":""MAT"",""ok"":1462,""nok"":2},{""station"":""EOL"",""ok"":1422,""nok"":13}]"
2026-03-06T14:00:00.000Z,2026-03-06T14:13:57.000Z,"WG REA FORD CA030",31,14,14,14,0,0,0,1.0000,0.7381,0.9688,31,1,No,"[{""station"":""620"",""ok"":11,""nok"":0},{""station"":""730"",""ok"":11,""nok"":0},{""station"":""731"",""ok"":11,""nok"":0},{""station"":""750"",""ok"":12,""nok"":0},{""station"":""810"",""ok"":12,""nok"":0},{""station"":""915"",""ok"":14,""nok"":0},{""station"":""940"",""ok"":21,""nok"":0},{""station"":""960"",""ok"":23,""nok"":0},{""station"":""CHW"",""ok"":12,""nok"":0},{""station"":""CCC"",""ok"":11,""nok"":1},{""station"":""MAT"",""ok"":10,""nok"":0},{""station"":""EOL"",""ok"":31,""nok"":1}]"
2026-03-06T14:14:57.000Z,2026-03-06T22:00:00.000Z,"WG REA FORD CA030 REWORK NO BRANSON",641,465,465,465,0,0,0,1.0000,0.4595,0.9984,641,1,No,"[{""station"":""620"",""ok"":0,""nok"":0},{""station"":""730"",""ok"":0,""nok"":0},{""station"":""731"",""ok"":0,""nok"":0},{""station"":""750"",""ok"":0,""nok"":0},{""station"":""810"",""ok"":0,""nok"":0},{""station"":""915"",""ok"":0,""nok"":0},{""station"":""940"",""ok"":663,""nok"":108},{""station"":""960"",""ok"":652,""nok"":4},{""station"":""CHW"",""ok"":0,""nok"":0},{""station"":""CCC"",""ok"":0,""nok"":0},{""station"":""MAT"",""ok"":0,""nok"":0},{""station"":""EOL"",""ok"":641,""nok"":1}]"
2026-03-06T22:00:00.000Z,2026-03-06T23:28:57.000Z,"WG REA FORD CA030 REWORK NO BRANSON",81,89,89,89,0,0,0,1.0000,0.3034,1.0000,81,0,No,"[{""station"":""620"",""ok"":0,""nok"":0},{""station"":""730"",""ok"":0,""nok"":0},{""station"":""731"",""ok"":0,""nok"":0},{""station"":""750"",""ok"":0,""nok"":0},{""station"":""810"",""ok"":0,""nok"":0},{""station"":""915"",""ok"":0,""nok"":0},{""station"":""940"",""ok"":72,""nok"":2},{""station"":""960"",""ok"":75,""nok"":0},{""station"":""CHW"",""ok"":0,""nok"":0},{""station"":""CCC"",""ok"":0,""nok"":0},{""station"":""MAT"",""ok"":0,""nok"":0},{""station"":""EOL"",""ok"":81,""nok"":0}]"
2026-03-06T23:29:57.000Z,2026-03-06T23:52:57.000Z,"WG REA FORD CA030 REWORK EOL",52,23,23,23,0,0,0,1.0000,0.7536,1.0000,52,0,No,"[{""station"":""620"",""ok"":0,""nok"":0},{""station"":""730"",""ok"":0,""nok"":0},{""station"":""731"",""ok"":0,""nok"":0},{""station"":""750"",""ok"":0,""nok"":0},{""station"":""810"",""ok"":0,""nok"":0},{""station"":""915"",""ok"":0,""nok"":0},{""station"":""940"",""ok"":0,""nok"":0},{""station"":""960"",""ok"":0,""nok"":0},{""station"":""CHW"",""ok"":0,""nok"":0},{""station"":""CCC"",""ok"":0,""nok"":0},{""station"":""MAT"",""ok"":0,""nok"":0},{""station"":""EOL"",""ok"":52,""nok"":0}]"
2026-03-06T23:53:57.000Z,2026-03-07T05:30:00.000Z,"WG REA FORD CA030",777,336,336,336,0,36,36,0.8929,0.7708,1.0000,777,0,No,"[{""station"":""620"",""ok"":806,""nok"":0},{""station"":""730"",""ok"":807,""nok"":1},{""station"":""731"",""ok"":808,""nok"":0},{""station"":""750"",""ok"":814,""nok"":0},{""station"":""810"",""ok"":822,""nok"":0},{""station"":""915"",""ok"":819,""nok"":0},{""station"":""940"",""ok"":802,""nok"":12},{""station"":""960"",""ok"":787,""nok"":4},{""station"":""CHW"",""ok"":804,""nok"":23},{""station"":""CCC"",""ok"":803,""nok"":1},{""station"":""MAT"",""ok"":807,""nok"":0},{""station"":""EOL"",""ok"":777,""nok"":0}]"
2026-03-07T05:30:00.000Z,2026-03-07T08:03:58.000Z,"WG REA FORD CA030",444,154,154,154,0,0,0,1.0000,0.9610,0.9978,444,1,No,"[{""station"":""620"",""ok"":427,""nok"":0},{""station"":""730"",""ok"":431,""nok"":1},{""station"":""731"",""ok"":430,""nok"":0},{""station"":""750"",""ok"":431,""nok"":0},{""station"":""810"",""ok"":433,""nok"":0},{""station"":""915"",""ok"":434,""nok"":0},{""station"":""940"",""ok"":435,""nok"":4},{""station"":""960"",""ok"":438,""nok"":0},{""station"":""CHW"",""ok"":420,""nok"":11},{""station"":""CCC"",""ok"":427,""nok"":1},{""station"":""MAT"",""ok"":432,""nok"":1},{""station"":""EOL"",""ok"":444,""nok"":1}]"
2026-03-07T08:04:58.000Z,2026-03-07T08:15:58.000Z,"WG REA FORD CA030 REWORK NO BRANSON",15,11,11,11,0,0,0,1.0000,0.4545,1.0000,15,0,No,"[{""station"":""620"",""ok"":0,""nok"":0},{""station"":""730"",""ok"":0,""nok"":0},{""station"":""731"",""ok"":0,""nok"":0},{""station"":""750"",""ok"":0,""nok"":0},{""station"":""810"",""ok"":0,""nok"":0},{""station"":""915"",""ok"":0,""nok"":0},{""station"":""940"",""ok"":18,""nok"":2},{""station"":""960"",""ok"":18,""nok"":0},{""station"":""CHW"",""ok"":0,""nok"":0},{""station"":""CCC"",""ok"":0,""nok"":0},{""station"":""MAT"",""ok"":0,""nok"":0},{""station"":""EOL"",""ok"":15,""nok"":0}]"
2026-03-07T08:16:58.000Z,2026-03-07T08:23:58.000Z,"WG REA FORD CA030 REWORK EOL",7,7,7,7,0,0,0,1.0000,0.3333,1.0000,7,0,No,"[{""station"":""620"",""ok"":0,""nok"":0},{""station"":""730"",""ok"":0,""nok"":0},{""station"":""731"",""ok"":0,""nok"":0},{""station"":""750"",""ok"":0,""nok"":0},{""station"":""810"",""ok"":0,""nok"":0},{""station"":""915"",""ok"":0,""nok"":0},{""station"":""940"",""ok"":0,""nok"":0},{""station"":""960"",""ok"":0,""nok"":0},{""station"":""CHW"",""ok"":0,""nok"":0},{""station"":""CCC"",""ok"":0,""nok"":0},{""station"":""MAT"",""ok"":0,""nok"":0},{""station"":""EOL"",""ok"":7,""nok"":0}]"
2026-03-07T08:24:58.000Z,2026-03-07T12:41:58.000Z,"WG REA FORD CA029 REWORK EOL",547,257,257,257,0,0,0,1.0000,0.7095,0.9768,547,13,No,"[{""station"":""620"",""ok"":0,""nok"":0},{""station"":""730"",""ok"":0,""nok"":0},{""station"":""731"",""ok"":0,""nok"":0},{""station"":""750"",""ok"":0,""nok"":0},{""station"":""810"",""ok"":0,""nok"":0},{""station"":""915"",""ok"":0,""nok"":0},{""station"":""940"",""ok"":0,""nok"":0},{""station"":""960"",""ok"":0,""nok"":0},{""station"":""CHW"",""ok"":0,""nok"":0},{""station"":""CCC"",""ok"":0,""nok"":0},{""station"":""MAT"",""ok"":0,""nok"":0},{""station"":""EOL"",""ok"":547,""nok"":13}]"
2026-03-07T12:42:58.000Z,2026-03-07T14:00:00.000Z,"WG REA GM CS022",0,77,77,77,0,0,0,1.0000,0.0000,,0,0,No,"[{""station"":""620"",""ok"":36,""nok"":0},{""station"":""730"",""ok"":36,""nok"":0},{""station"":""731"",""ok"":36,""nok"":0},{""station"":""750"",""ok"":36,""nok"":0},{""station"":""810"",""ok"":29,""nok"":0},{""station"":""915"",""ok"":11,""nok"":0},{""station"":""940"",""ok"":2,""nok"":2},{""station"":""960"",""ok"":0,""nok"":0},{""station"":""CHW"",""ok"":48,""nok"":2},{""station"":""CCC"",""ok"":36,""nok"":0},{""station"":""MAT"",""ok"":38,""nok"":0},{""station"":""EOL"",""ok"":0,""nok"":0}]"
2026-03-07T14:00:00.000Z,2026-03-07T22:00:00.000Z,"WG REA GM CS022",356,480,480,238,242,0,242,1.0000,0.2472,0.9596,356,15,Si,"[{""station"":""620"",""ok"":464,""nok"":0},{""station"":""730"",""ok"":464,""nok"":1},{""station"":""731"",""ok"":463,""nok"":0},{""station"":""750"",""ok"":462,""nok"":0},{""station"":""810"",""ok"":465,""nok"":0},{""station"":""915"",""ok"":461,""nok"":0},{""station"":""940"",""ok"":387,""nok"":73},{""station"":""960"",""ok"":375,""nok"":7},{""station"":""CHW"",""ok"":466,""nok"":4},{""station"":""CCC"",""ok"":465,""nok"":2},{""station"":""MAT"",""ok"":471,""nok"":6},{""station"":""EOL"",""ok"":356,""nok"":15}]"
2026-03-07T22:00:00.000Z,2026-03-08T05:30:00.000Z,"WG REA GM CS022",1017,450,450,399,51,53,104,0.8672,0.7533,0.9713,1017,30,No,"[{""station"":""620"",""ok"":1076,""nok"":0},{""station"":""730"",""ok"":1076,""nok"":2},{""station"":""731"",""ok"":1076,""nok"":0},{""station"":""750"",""ok"":1077,""nok"":0},{""station"":""810"",""ok"":1077,""nok"":1},{""station"":""915"",""ok"":1077,""nok"":0},{""station"":""940"",""ok"":1040,""nok"":35},{""station"":""960"",""ok"":1017,""nok"":22},{""station"":""CHW"",""ok"":1078,""nok"":6},{""station"":""CCC"",""ok"":1076,""nok"":1},{""station"":""MAT"",""ok"":1079,""nok"":2},{""station"":""EOL"",""ok"":1017,""nok"":30}]"
2026-03-08T05:30:00.000Z,2026-03-08T14:00:00.000Z,"WG REA GM CS022",0,510,510,510,0,0,0,1.0000,0.0000,,0,0,No,"[{""station"":""620"",""ok"":0,""nok"":0},{""station"":""730"",""ok"":0,""nok"":0},{""station"":""731"",""ok"":0,""nok"":0},{""station"":""750"",""ok"":0,""nok"":0},{""station"":""810"",""ok"":0,""nok"":0},{""station"":""915"",""ok"":0,""nok"":0},{""station"":""940"",""ok"":0,""nok"":0},{""station"":""960"",""ok"":0,""nok"":0},{""station"":""CHW"",""ok"":0,""nok"":0},{""station"":""CCC"",""ok"":0,""nok"":0},{""station"":""MAT"",""ok"":0,""nok"":0},{""station"":""EOL"",""ok"":0,""nok"":0}]"
2026-03-08T14:00:00.000Z,2026-03-08T22:00:00.000Z,"WG REA GM CS022",1091,480,480,385,95,13,108,0.9662,0.7576,0.9847,1091,17,No,"[{""station"":""620"",""ok"":1111,""nok"":0},{""station"":""730"",""ok"":1113,""nok"":5},{""station"":""731"",""ok"":1113,""nok"":0},{""station"":""750"",""ok"":1112,""nok"":0},{""station"":""810"",""ok"":1111,""nok"":0},{""station"":""915"",""ok"":1110,""nok"":0},{""station"":""940"",""ok"":1105,""nok"":4},{""station"":""960"",""ok"":1093,""nok"":9},{""station"":""CHW"",""ok"":1111,""nok"":9},{""station"":""CCC"",""ok"":1111,""nok"":0},{""station"":""MAT"",""ok"":1118,""nok"":0},{""station"":""EOL"",""ok"":1091,""nok"":17}]"
2026-03-08T22:00:00.000Z,2026-03-09T05:30:00.000Z,"WG REA GM CS022",318,450,450,450,0,5,5,0.9889,0.2356,0.9938,318,2,No,"[{""station"":""620"",""ok"":323,""nok"":0},{""station"":""730"",""ok"":321,""nok"":3},{""station"":""731"",""ok"":321,""nok"":0},{""station"":""750"",""ok"":322,""nok"":0},{""station"":""810"",""ok"":322,""nok"":0},{""station"":""915"",""ok"":323,""nok"":0},{""station"":""940"",""ok"":322,""nok"":1},{""station"":""960"",""ok"":319,""nok"":1},{""station"":""CHW"",""ok"":323,""nok"":0},{""station"":""CCC"",""ok"":323,""nok"":0},{""station"":""MAT"",""ok"":324,""nok"":0},{""station"":""EOL"",""ok"":318,""nok"":2}]"
2026-03-09T05:30:00.000Z,2026-03-09T14:00:00.000Z,"WG REA GM CS022",9,510,510,500,10,41,51,0.9180,0.0059,1.0000,9,0,No,"[{""station"":""620"",""ok"":5,""nok"":0},{""station"":""730"",""ok"":5,""nok"":0},{""station"":""731"",""ok"":6,""nok"":0},{""station"":""750"",""ok"":6,""nok"":0},{""station"":""810"",""ok"":6,""nok"":0},{""station"":""915"",""ok"":12,""nok"":0},{""station"":""940"",""ok"":13,""nok"":0},{""station"":""960"",""ok"":10,""nok"":0},{""station"":""CHW"",""ok"":5,""nok"":0},{""station"":""CCC"",""ok"":5,""nok"":0},{""station"":""MAT"",""ok"":6,""nok"":0},{""station"":""EOL"",""ok"":9,""nok"":0}]"
2026-03-09T14:00:00.000Z,2026-03-09T22:00:00.000Z,"WG REA GM CS022",1155,480,480,435,45,32,77,0.9264,0.8021,0.9880,1155,14,No,"[{""station"":""620"",""ok"":1181,""nok"":0},{""station"":""730"",""ok"":1183,""nok"":6},{""station"":""731"",""ok"":1182,""nok"":0},{""station"":""750"",""ok"":1182,""nok"":0},{""station"":""810"",""ok"":1182,""nok"":1},{""station"":""915"",""ok"":1174,""nok"":0},{""station"":""940"",""ok"":1168,""nok"":4},{""station"":""960"",""ok"":1155,""nok"":3},{""station"":""CHW"",""ok"":1181,""nok"":20},{""station"":""CCC"",""ok"":1181,""nok"":1},{""station"":""MAT"",""ok"":1191,""nok"":3},{""station"":""EOL"",""ok"":1155,""nok"":14}]"
2026-03-09T22:00:00.000Z,2026-03-10T05:30:00.000Z,"WG REA GM CS022",1079,450,450,440,10,68,78,0.8455,0.7993,0.9954,1079,5,No,"[{""station"":""620"",""ok"":1120,""nok"":0},{""station"":""730"",""ok"":1121,""nok"":5},{""station"":""731"",""ok"":1119,""nok"":0},{""station"":""750"",""ok"":1119,""nok"":0},{""station"":""810"",""ok"":1116,""nok"":2},{""station"":""915"",""ok"":1121,""nok"":0},{""station"":""940"",""ok"":1095,""nok"":23},{""station"":""960"",""ok"":1085,""nok"":8},{""station"":""CHW"",""ok"":1122,""nok"":46},{""station"":""CCC"",""ok"":1120,""nok"":0},{""station"":""MAT"",""ok"":1127,""nok"":1},{""station"":""EOL"",""ok"":1079,""nok"":5}]"
2026-03-10T05:30:00.000Z,2026-03-10T14:00:00.000Z,"WG REA GM CS022",1170,510,510,441,69,0,69,1.0000,0.7647,0.9966,1170,4,No,"[{""station"":""620"",""ok"":1179,""nok"":0},{""station"":""730"",""ok"":1177,""nok"":1},{""station"":""731"",""ok"":1176,""nok"":0},{""station"":""750"",""ok"":1175,""nok"":0},{""station"":""810"",""ok"":1174,""nok"":2},{""station"":""915"",""ok"":1185,""nok"":0},{""station"":""940"",""ok"":1179,""nok"":8},{""station"":""960"",""ok"":1171,""nok"":2},{""station"":""CHW"",""ok"":1180,""nok"":34},{""station"":""CCC"",""ok"":1181,""nok"":1},{""station"":""MAT"",""ok"":1178,""nok"":1},{""station"":""EOL"",""ok"":1170,""nok"":4}]"
2026-03-10T14:00:00.000Z,2026-03-10T18:38:05.000Z,"WG REA GM CS022",102,278,278,258,20,210,230,0.1860,0.1223,1.0000,102,0,No,"[{""station"":""620"",""ok"":89,""nok"":0},{""station"":""730"",""ok"":90,""nok"":0},{""station"":""731"",""ok"":90,""nok"":0},{""station"":""750"",""ok"":89,""nok"":0},{""station"":""810"",""ok"":87,""nok"":0},{""station"":""915"",""ok"":89,""nok"":0},{""station"":""940"",""ok"":95,""nok"":0},{""station"":""960"",""ok"":96,""nok"":1},{""station"":""CHW"",""ok"":88,""nok"":1},{""station"":""CCC"",""ok"":87,""nok"":0},{""station"":""MAT"",""ok"":93,""nok"":2},{""station"":""EOL"",""ok"":102,""nok"":0}]"
2026-03-10T18:39:05.000Z,2026-03-10T20:18:05.000Z,"WG REA GM CS022 REWORK EOL",190,99,99,99,0,0,0,1.0000,0.6397,0.9406,190,12,No,"[{""station"":""620"",""ok"":0,""nok"":0},{""station"":""730"",""ok"":0,""nok"":0},{""station"":""731"",""ok"":0,""nok"":0},{""station"":""750"",""ok"":0,""nok"":0},{""station"":""810"",""ok"":0,""nok"":0},{""station"":""915"",""ok"":0,""nok"":0},{""station"":""940"",""ok"":0,""nok"":0},{""station"":""960"",""ok"":0,""nok"":0},{""station"":""CHW"",""ok"":0,""nok"":0},{""station"":""CCC"",""ok"":0,""nok"":0},{""station"":""MAT"",""ok"":0,""nok"":0},{""station"":""EOL"",""ok"":190,""nok"":12}]"
2026-03-10T20:19:05.000Z,2026-03-10T22:00:00.000Z,"WG REA GM CS023",10,101,101,101,0,0,0,1.0000,0.0330,0.8333,10,2,No,"[{""station"":""620"",""ok"":41,""nok"":0},{""station"":""730"",""ok"":43,""nok"":1},{""station"":""731"",""ok"":44,""nok"":0},{""station"":""750"",""ok"":44,""nok"":0},{""station"":""810"",""ok"":42,""nok"":1},{""station"":""915"",""ok"":39,""nok"":0},{""station"":""940"",""ok"":33,""nok"":0},{""station"":""960"",""ok"":19,""nok"":3},{""station"":""CHW"",""ok"":47,""nok"":1},{""station"":""CCC"",""ok"":45,""nok"":2},{""station"":""MAT"",""ok"":45,""nok"":0},{""station"":""EOL"",""ok"":10,""nok"":2}]"
2026-03-10T22:00:00.000Z,2026-03-11T05:30:00.000Z,"WG REA GM CS023",872,450,450,335,115,19,134,0.9433,0.6459,0.9765,872,21,No,"[{""station"":""620"",""ok"":905,""nok"":0},{""station"":""730"",""ok"":904,""nok"":0},{""station"":""731"",""ok"":902,""nok"":0},{""station"":""750"",""ok"":903,""nok"":0},{""station"":""810"",""ok"":907,""nok"":5},{""station"":""915"",""ok"":903,""nok"":0},{""station"":""940"",""ok"":899,""nok"":1},{""station"":""960"",""ok"":882,""nok"":10},{""station"":""CHW"",""ok"":905,""nok"":6},{""station"":""CCC"",""ok"":905,""nok"":1},{""station"":""MAT"",""ok"":904,""nok"":1},{""station"":""EOL"",""ok"":872,""nok"":21}]"
2026-03-11T05:30:00.000Z,2026-03-11T09:56:06.000Z,"WG REA GM CS023",461,266,266,266,0,0,0,1.0000,0.5777,0.9829,461,8,No,"[{""station"":""620"",""ok"":441,""nok"":0},{""station"":""730"",""ok"":442,""nok"":0},{""station"":""731"",""ok"":442,""nok"":0},{""station"":""750"",""ok"":444,""nok"":0},{""station"":""810"",""ok"":450,""nok"":2},{""station"":""915"",""ok"":458,""nok"":0},{""station"":""940"",""ok"":453,""nok"":6},{""station"":""960"",""ok"":454,""nok"":1},{""station"":""CHW"",""ok"":435,""nok"":3},{""station"":""CCC"",""ok"":439,""nok"":2},{""station"":""MAT"",""ok"":442,""nok"":0},{""station"":""EOL"",""ok"":461,""nok"":8}]"
2026-03-11T09:57:06.000Z,2026-03-11T10:07:06.000Z,"WG REA GM CS023 REWORK BRANSON",0,10,10,10,0,0,0,1.0000,0.0000,,0,0,No,"[{""station"":""620"",""ok"":0,""nok"":0},{""station"":""730"",""ok"":0,""nok"":0},{""station"":""731"",""ok"":0,""nok"":0},{""station"":""750"",""ok"":0,""nok"":0},{""station"":""810"",""ok"":0,""nok"":0},{""station"":""915"",""ok"":0,""nok"":0},{""station"":""940"",""ok"":0,""nok"":0},{""station"":""960"",""ok"":0,""nok"":0},{""station"":""CHW"",""ok"":0,""nok"":0},{""station"":""CCC"",""ok"":0,""nok"":0},{""station"":""MAT"",""ok"":0,""nok"":0},{""station"":""EOL"",""ok"":0,""nok"":0}]"
2026-03-11T10:08:06.000Z,2026-03-11T12:34:06.000Z,"WG REA GM CS023 REWORK NO BRANSON",192,146,146,146,0,0,0,1.0000,0.4384,0.9648,192,7,No,"[{""station"":""620"",""ok"":0,""nok"":0},{""station"":""730"",""ok"":0,""nok"":0},{""station"":""731"",""ok"":0,""nok"":0},{""station"":""750"",""ok"":0,""nok"":0},{""station"":""810"",""ok"":0,""nok"":0},{""station"":""915"",""ok"":0,""nok"":0},{""station"":""940"",""ok"":212,""nok"":42},{""station"":""960"",""ok"":194,""nok"":15},{""station"":""CHW"",""ok"":0,""nok"":0},{""station"":""CCC"",""ok"":0,""nok"":0},{""station"":""MAT"",""ok"":0,""nok"":0},{""station"":""EOL"",""ok"":192,""nok"":7}]"
2026-03-11T12:35:06.000Z,2026-03-11T14:00:00.000Z,"WG REA GM CS023 REWORK EOL",85,85,85,85,0,0,0,1.0000,0.3333,0.9140,85,8,No,"[{""station"":""620"",""ok"":0,""nok"":0},{""station"":""730"",""ok"":0,""nok"":0},{""station"":""731"",""ok"":0,""nok"":0},{""station"":""750"",""ok"":0,""nok"":0},{""station"":""810"",""ok"":0,""nok"":0},{""station"":""915"",""ok"":0,""nok"":0},{""station"":""940"",""ok"":0,""nok"":0},{""station"":""960"",""ok"":0,""nok"":0},{""station"":""CHW"",""ok"":0,""nok"":0},{""station"":""CCC"",""ok"":0,""nok"":0},{""station"":""MAT"",""ok"":0,""nok"":0},{""station"":""EOL"",""ok"":85,""nok"":8}]"
2026-03-11T14:00:00.000Z,2026-03-11T16:58:08.000Z,"WG REA GM CS023 REWORK EOL",0,178,178,0,178,3,181,0.0000,0.0000,,0,0,No,"[{""station"":""620"",""ok"":0,""nok"":0},{""station"":""730"",""ok"":0,""nok"":0},{""station"":""731"",""ok"":0,""nok"":0},{""station"":""750"",""ok"":0,""nok"":0},{""station"":""810"",""ok"":0,""nok"":0},{""station"":""915"",""ok"":0,""nok"":0},{""station"":""940"",""ok"":0,""nok"":0},{""station"":""960"",""ok"":0,""nok"":0},{""station"":""CHW"",""ok"":0,""nok"":0},{""station"":""CCC"",""ok"":0,""nok"":0},{""station"":""MAT"",""ok"":0,""nok"":0},{""station"":""EOL"",""ok"":0,""nok"":0}]"
2026-03-11T16:59:08.000Z,2026-03-11T21:43:08.000Z,"WG REA FORD CA029 REWORK COVER+CHIPWELDED",6,284,284,0,284,0,284,0.0000,0.0070,1.0000,6,0,Si,"[{""station"":""620"",""ok"":40,""nok"":0},{""station"":""730"",""ok"":41,""nok"":0},{""station"":""731"",""ok"":41,""nok"":0},{""station"":""750"",""ok"":41,""nok"":0},{""station"":""810"",""ok"":39,""nok"":0},{""station"":""915"",""ok"":28,""nok"":0},{""station"":""940"",""ok"":21,""nok"":1},{""station"":""960"",""ok"":18,""nok"":0},{""station"":""CHW"",""ok"":50,""nok"":9},{""station"":""CCC"",""ok"":42,""nok"":1},{""station"":""MAT"",""ok"":44,""nok"":0},{""station"":""EOL"",""ok"":6,""nok"":0}]"
2026-03-11T21:44:08.000Z,2026-03-11T22:00:00.000Z,"WG REA FORD CA029",0,16,16,0,16,0,16,0.0000,0.0000,,0,0,Si,"[{""station"":""620"",""ok"":0,""nok"":0},{""station"":""730"",""ok"":0,""nok"":0},{""station"":""731"",""ok"":0,""nok"":0},{""station"":""750"",""ok"":0,""nok"":0},{""station"":""810"",""ok"":0,""nok"":0},{""station"":""915"",""ok"":0,""nok"":0},{""station"":""940"",""ok"":0,""nok"":0},{""station"":""960"",""ok"":0,""nok"":0},{""station"":""CHW"",""ok"":0,""nok"":0},{""station"":""CCC"",""ok"":0,""nok"":0},{""station"":""MAT"",""ok"":0,""nok"":0},{""station"":""EOL"",""ok"":0,""nok"":0}]"
2026-03-11T22:00:00.000Z,2026-03-12T05:30:00.000Z,"WG REA FORD CA029",590,450,450,285,165,31,196,0.8912,0.4370,0.9883,590,7,No,"[{""station"":""620"",""ok"":679,""nok"":0},{""station"":""730"",""ok"":680,""nok"":1},{""station"":""731"",""ok"":679,""nok"":0},{""station"":""750"",""ok"":675,""nok"":0},{""station"":""810"",""ok"":667,""nok"":2},{""station"":""915"",""ok"":660,""nok"":0},{""station"":""940"",""ok"":605,""nok"":57},{""station"":""960"",""ok"":593,""nok"":7},{""station"":""CHW"",""ok"":687,""nok"":9},{""station"":""CCC"",""ok"":682,""nok"":4},{""station"":""MAT"",""ok"":681,""nok"":0},{""station"":""EOL"",""ok"":590,""nok"":7}]"
2026-03-12T05:30:00.000Z,2026-03-12T14:00:00.000Z,"WG REA FORD CA029",1362,510,510,491,19,4,23,0.9919,0.8902,0.9985,1362,2,No,"[{""station"":""620"",""ok"":1425,""nok"":0},{""station"":""730"",""ok"":1424,""nok"":5},{""station"":""731"",""ok"":1424,""nok"":0},{""station"":""750"",""ok"":1422,""nok"":0},{""station"":""810"",""ok"":1424,""nok"":3},{""station"":""915"",""ok"":1434,""nok"":0},{""station"":""940"",""ok"":1395,""nok"":29},{""station"":""960"",""ok"":1361,""nok"":22},{""station"":""CHW"",""ok"":1428,""nok"":2},{""station"":""CCC"",""ok"":1426,""nok"":2},{""station"":""MAT"",""ok"":1430,""nok"":1},{""station"":""EOL"",""ok"":1362,""nok"":2}]"
2026-03-12T14:00:00.000Z,2026-03-12T22:00:00.000Z,"WG REA FORD CA029",333,480,480,460,20,3,23,0.9935,0.2313,0.9970,333,1,No,"[{""station"":""620"",""ok"":355,""nok"":0},{""station"":""730"",""ok"":358,""nok"":0},{""station"":""731"",""ok"":358,""nok"":0},{""station"":""750"",""ok"":362,""nok"":0},{""station"":""810"",""ok"":369,""nok"":0},{""station"":""915"",""ok"":352,""nok"":0},{""station"":""940"",""ok"":344,""nok"":7},{""station"":""960"",""ok"":335,""nok"":5},{""station"":""CHW"",""ok"":353,""nok"":2},{""station"":""CCC"",""ok"":353,""nok"":0},{""station"":""MAT"",""ok"":357,""nok"":1},{""station"":""EOL"",""ok"":333,""nok"":1}]"
2026-03-12T22:00:00.000Z,2026-03-13T05:30:00.000Z,"NO_PRODUCTION",0,450,450,450,0,0,0,1.0000,0.0000,,0,0,No,"[]"
2026-03-13T05:30:00.000Z,2026-03-13T14:00:00.000Z,"NO_PRODUCTION",0,510,510,510,0,0,0,1.0000,0.0000,,0,0,No,"[]"
