batchId,startFecha,startHora,startFechaHoraISO,endFecha,endHora,endFechaHoraISO,pn,piezasTotales,startAccum,endAccum,stations_json
D09232025S1C1,9/23/2025,07:00:00,2025-09-23T07:00:00,9/23/2025,15:00:00,2025-09-23T15:00:00,"WG REA STELLANTIS CA028",521,236,0,"[{""station"":""620"",""ok"":536,""nok"":0},{""station"":""730"",""ok"":538,""nok"":0},{""station"":""731"",""ok"":538,""nok"":0},{""station"":""750"",""ok"":534,""nok"":0},{""station"":""810"",""ok"":532,""nok"":1},{""station"":""915"",""ok"":537,""nok"":0},{""station"":""940"",""ok"":527,""nok"":5},{""station"":""960"",""ok"":526,""nok"":2},{""station"":""CHW"",""ok"":538,""nok"":9},{""station"":""CCC"",""ok"":536,""nok"":2},{""station"":""MAT"",""ok"":534,""nok"":4},{""station"":""EOL"",""ok"":521,""nok"":5}]"
D09232025S2C1,9/23/2025,15:00:00,2025-09-23T15:00:00,9/23/2025,22:30:00,2025-09-23T22:30:00,"WG REA STELLANTIS CA028",1012,3,2,"[{""station"":""620"",""ok"":1076,""nok"":1},{""station"":""730"",""ok"":1092,""nok"":1},{""station"":""731"",""ok"":1092,""nok"":0},{""station"":""750"",""ok"":1076,""nok"":0},{""station"":""810"",""ok"":1070,""nok"":0},{""station"":""915"",""ok"":1077,""nok"":1},{""station"":""940"",""ok"":1053,""nok"":11},{""station"":""960"",""ok"":1027,""nok"":23},{""station"":""CHW"",""ok"":1073,""nok"":14},{""station"":""CCC"",""ok"":1077,""nok"":1},{""station"":""MAT"",""ok"":1075,""nok"":15},{""station"":""EOL"",""ok"":1012,""nok"":10}]"
D09232025S3C1,9/23/2025,22:30:00,2025-09-23T22:30:00,9/24/2025,6:00:35 AM,2025-09-24T6:00:35 AM,"WG REA STELLANTIS CA028",729,4,0,"[{""station"":""620"",""ok"":757,""nok"":4},{""station"":""730"",""ok"":760,""nok"":2},{""station"":""731"",""ok"":759,""nok"":0},{""station"":""750"",""ok"":756,""nok"":0},{""station"":""810"",""ok"":757,""nok"":0},{""station"":""915"",""ok"":763,""nok"":0},{""station"":""940"",""ok"":765,""nok"":2},{""station"":""960"",""ok"":745,""nok"":0},{""station"":""CHW"",""ok"":767,""nok"":10},{""station"":""CCC"",""ok"":763,""nok"":5},{""station"":""MAT"",""ok"":756,""nok"":4},{""station"":""EOL"",""ok"":729,""nok"":9}]"
D09232025S3C2,9/24/2025,6:01:35 AM,2025-09-24T6:01:35 AM,9/24/2025,07:00:00,2025-09-24T07:00:00,"WG REA STELLANTIS CA028 REWORK EOL",86,0,86,"[{""station"":""620"",""ok"":0,""nok"":0},{""station"":""730"",""ok"":0,""nok"":0},{""station"":""731"",""ok"":0,""nok"":0},{""station"":""750"",""ok"":0,""nok"":0},{""station"":""810"",""ok"":0,""nok"":0},{""station"":""915"",""ok"":0,""nok"":0},{""station"":""940"",""ok"":0,""nok"":0},{""station"":""960"",""ok"":0,""nok"":0},{""station"":""CHW"",""ok"":0,""nok"":0},{""station"":""CCC"",""ok"":0,""nok"":0},{""station"":""MAT"",""ok"":0,""nok"":0},{""station"":""EOL"",""ok"":86,""nok"":17}]"
D09242025S1C1,9/24/2025,07:00:00,2025-09-24T07:00:00,9/24/2025,10:05:35 AM,2025-09-24T10:05:35 AM,"WG REA STELLANTIS CA028 REWORK EOL",166,1,0,"[{""station"":""620"",""ok"":0,""nok"":0},{""station"":""730"",""ok"":1,""nok"":0},{""station"":""731"",""ok"":1,""nok"":0},{""station"":""750"",""ok"":0,""nok"":0},{""station"":""810"",""ok"":0,""nok"":0},{""station"":""915"",""ok"":0,""nok"":0},{""station"":""940"",""ok"":0,""nok"":0},{""station"":""960"",""ok"":0,""nok"":0},{""station"":""CHW"",""ok"":1,""nok"":0},{""station"":""CCC"",""ok"":1,""nok"":0},{""station"":""MAT"",""ok"":1,""nok"":0},{""station"":""EOL"",""ok"":166,""nok"":27}]"
D09242025S1C2,9/24/2025,10:06:35 AM,2025-09-24T10:06:35 AM,9/24/2025,15:00:00,2025-09-24T15:00:00,"WG REA STELLANTIS CA042",68,0,68,"[{""station"":""620"",""ok"":113,""nok"":0},{""station"":""730"",""ok"":124,""nok"":0},{""station"":""731"",""ok"":115,""nok"":9},{""station"":""750"",""ok"":115,""nok"":0},{""station"":""810"",""ok"":114,""nok"":0},{""station"":""915"",""ok"":120,""nok"":0},{""station"":""940"",""ok"":113,""nok"":0},{""station"":""960"",""ok"":87,""nok"":5},{""station"":""CHW"",""ok"":117,""nok"":1},{""station"":""CCC"",""ok"":112,""nok"":5},{""station"":""MAT"",""ok"":115,""nok"":0},{""station"":""EOL"",""ok"":68,""nok"":0}]"
D09242025S2C1,9/24/2025,15:00:00,2025-09-24T15:00:00,9/24/2025,5:39:37 PM,2025-09-24T5:39:37 PM,"WG REA STELLANTIS CA042",245,71,313,"[{""station"":""620"",""ok"":258,""nok"":1},{""station"":""730"",""ok"":262,""nok"":0},{""station"":""731"",""ok"":263,""nok"":0},{""station"":""750"",""ok"":263,""nok"":0},{""station"":""810"",""ok"":257,""nok"":0},{""station"":""915"",""ok"":238,""nok"":0},{""station"":""940"",""ok"":243,""nok"":0},{""station"":""960"",""ok"":239,""nok"":2},{""station"":""CHW"",""ok"":257,""nok"":8},{""station"":""CCC"",""ok"":257,""nok"":0},{""station"":""MAT"",""ok"":262,""nok"":2},{""station"":""EOL"",""ok"":245,""nok"":1}]"
D09242025S2C2,9/24/2025,5:40:37 PM,2025-09-24T5:40:37 PM,9/24/2025,5:43:37 PM,2025-09-24T5:43:37 PM,"WG REA GM CS022 REWORK EOL",0,313,313,"[{""station"":""620"",""ok"":0,""nok"":0},{""station"":""730"",""ok"":0,""nok"":0},{""station"":""731"",""ok"":0,""nok"":0},{""station"":""750"",""ok"":0,""nok"":0},{""station"":""810"",""ok"":0,""nok"":0},{""station"":""915"",""ok"":0,""nok"":0},{""station"":""940"",""ok"":0,""nok"":0},{""station"":""960"",""ok"":0,""nok"":0},{""station"":""CHW"",""ok"":0,""nok"":0},{""station"":""CCC"",""ok"":0,""nok"":0},{""station"":""MAT"",""ok"":0,""nok"":0},{""station"":""EOL"",""ok"":0,""nok"":0}]"
D09242025S2C3,9/24/2025,5:44:37 PM,2025-09-24T5:44:37 PM,9/24/2025,6:08:37 PM,2025-09-24T6:08:37 PM,"WG REA STELLANTIS CA042 REWORK EOL",22,313,335,"[{""station"":""620"",""ok"":0,""nok"":0},{""station"":""730"",""ok"":0,""nok"":0},{""station"":""731"",""ok"":0,""nok"":0},{""station"":""750"",""ok"":0,""nok"":0},{""station"":""810"",""ok"":2,""nok"":0},{""station"":""915"",""ok"":0,""nok"":0},{""station"":""940"",""ok"":0,""nok"":0},{""station"":""960"",""ok"":0,""nok"":0},{""station"":""CHW"",""ok"":0,""nok"":0},{""station"":""CCC"",""ok"":0,""nok"":0},{""station"":""MAT"",""ok"":0,""nok"":0},{""station"":""EOL"",""ok"":22,""nok"":0}]"
D09242025S2C4,9/24/2025,6:09:37 PM,2025-09-24T6:09:37 PM,9/24/2025,6:50:37 PM,2025-09-24T6:50:37 PM,"WG REA STELLANTIS CA042",72,335,407,"[{""station"":""620"",""ok"":76,""nok"":0},{""station"":""730"",""ok"":77,""nok"":0},{""station"":""731"",""ok"":77,""nok"":0},{""station"":""750"",""ok"":77,""nok"":0},{""station"":""810"",""ok"":78,""nok"":0},{""station"":""915"",""ok"":77,""nok"":0},{""station"":""940"",""ok"":75,""nok"":0},{""station"":""960"",""ok"":73,""nok"":0},{""station"":""CHW"",""ok"":76,""nok"":1},{""station"":""CCC"",""ok"":76,""nok"":0},{""station"":""MAT"",""ok"":77,""nok"":0},{""station"":""EOL"",""ok"":72,""nok"":1}]"
D09242025S2C5,9/24/2025,6:51:37 PM,2025-09-24T6:51:37 PM,9/24/2025,22:30:00,2025-09-24T22:30:00,"WG REA STELLANTIS CA027",260,0,260,"[{""station"":""620"",""ok"":286,""nok"":0},{""station"":""730"",""ok"":284,""nok"":1},{""station"":""731"",""ok"":283,""nok"":0},{""station"":""750"",""ok"":281,""nok"":0},{""station"":""810"",""ok"":283,""nok"":2},{""station"":""915"",""ok"":301,""nok"":0},{""station"":""940"",""ok"":296,""nok"":1},{""station"":""960"",""ok"":282,""nok"":4},{""station"":""CHW"",""ok"":288,""nok"":2},{""station"":""CCC"",""ok"":289,""nok"":0},{""station"":""MAT"",""ok"":281,""nok"":0},{""station"":""EOL"",""ok"":260,""nok"":13}]"
D09242025S3C1,9/24/2025,22:30:00,2025-09-24T22:30:00,9/25/2025,07:00:00,2025-09-25T07:00:00,"WG REA STELLANTIS CA027",1094,1,1095,"[{""station"":""620"",""ok"":1118,""nok"":3},{""station"":""730"",""ok"":1152,""nok"":1},{""station"":""731"",""ok"":1131,""nok"":25},{""station"":""750"",""ok"":1119,""nok"":0},{""station"":""810"",""ok"":1117,""nok"":2},{""station"":""915"",""ok"":1121,""nok"":1},{""station"":""940"",""ok"":1116,""nok"":4},{""station"":""960"",""ok"":1107,""nok"":4},{""station"":""CHW"",""ok"":1123,""nok"":12},{""station"":""CCC"",""ok"":1121,""nok"":2},{""station"":""MAT"",""ok"":1120,""nok"":12},{""station"":""EOL"",""ok"":1094,""nok"":11}]"
D09252025S1C1,9/25/2025,07:00:00,2025-09-25T07:00:00,9/25/2025,15:00:00,2025-09-25T15:00:00,"WG REA STELLANTIS CA027",979,1098,978,"[{""station"":""620"",""ok"":1006,""nok"":0},{""station"":""730"",""ok"":1010,""nok"":0},{""station"":""731"",""ok"":1009,""nok"":0},{""station"":""750"",""ok"":1007,""nok"":0},{""station"":""810"",""ok"":1009,""nok"":5},{""station"":""915"",""ok"":1009,""nok"":0},{""station"":""940"",""ok"":1002,""nok"":6},{""station"":""960"",""ok"":992,""nok"":1},{""station"":""CHW"",""ok"":1007,""nok"":36},{""station"":""CCC"",""ok"":1006,""nok"":1},{""station"":""MAT"",""ok"":1007,""nok"":3},{""station"":""EOL"",""ok"":979,""nok"":13}]"
D09252025S2C1,9/25/2025,15:00:00,2025-09-25T15:00:00,9/25/2025,22:30:00,2025-09-25T22:30:00,"WG REA STELLANTIS CA027",971,981,1,"[{""station"":""620"",""ok"":1008,""nok"":0},{""station"":""730"",""ok"":1009,""nok"":0},{""station"":""731"",""ok"":1009,""nok"":0},{""station"":""750"",""ok"":1006,""nok"":0},{""station"":""810"",""ok"":1008,""nok"":1},{""station"":""915"",""ok"":1010,""nok"":0},{""station"":""940"",""ok"":1000,""nok"":6},{""station"":""960"",""ok"":990,""nok"":6},{""station"":""CHW"",""ok"":1009,""nok"":18},{""station"":""CCC"",""ok"":1009,""nok"":1},{""station"":""MAT"",""ok"":1007,""nok"":1},{""station"":""EOL"",""ok"":971,""nok"":18}]"
D09252025S3C1,9/25/2025,22:30:00,2025-09-25T22:30:00,9/26/2025,2:47:39 AM,2025-09-26T2:47:39 AM,"WG REA STELLANTIS CA027",458,4,0,"[{""station"":""620"",""ok"":462,""nok"":0},{""station"":""730"",""ok"":461,""nok"":0},{""station"":""731"",""ok"":462,""nok"":0},{""station"":""750"",""ok"":469,""nok"":0},{""station"":""810"",""ok"":473,""nok"":55},{""station"":""915"",""ok"":471,""nok"":0},{""station"":""940"",""ok"":473,""nok"":3},{""station"":""960"",""ok"":467,""nok"":2},{""station"":""CHW"",""ok"":455,""nok"":16},{""station"":""CCC"",""ok"":458,""nok"":3},{""station"":""MAT"",""ok"":468,""nok"":1},{""station"":""EOL"",""ok"":458,""nok"":16}]"
D09252025S3C2,9/26/2025,2:48:39 AM,2025-09-26T2:48:39 AM,9/26/2025,6:35:39 AM,2025-09-26T6:35:39 AM,"WG REA STELLANTIS CA027 REWORK NO BRANSON",317,0,0,"[{""station"":""620"",""ok"":0,""nok"":0},{""station"":""730"",""ok"":0,""nok"":0},{""station"":""731"",""ok"":0,""nok"":0},{""station"":""750"",""ok"":0,""nok"":0},{""station"":""810"",""ok"":0,""nok"":0},{""station"":""915"",""ok"":0,""nok"":0},{""station"":""940"",""ok"":367,""nok"":150},{""station"":""960"",""ok"":336,""nok"":28},{""station"":""CHW"",""ok"":0,""nok"":0},{""station"":""CCC"",""ok"":0,""nok"":0},{""station"":""MAT"",""ok"":0,""nok"":0},{""station"":""EOL"",""ok"":317,""nok"":15}]"
D09252025S3C3,9/26/2025,6:36:39 AM,2025-09-26T6:36:39 AM,9/26/2025,07:00:00,2025-09-26T07:00:00,"WG REA STELLANTIS CA027 REWORK EOL",27,0,3,"[{""station"":""620"",""ok"":0,""nok"":0},{""station"":""730"",""ok"":0,""nok"":0},{""station"":""731"",""ok"":0,""nok"":0},{""station"":""750"",""ok"":0,""nok"":0},{""station"":""810"",""ok"":0,""nok"":0},{""station"":""915"",""ok"":0,""nok"":0},{""station"":""940"",""ok"":0,""nok"":0},{""station"":""960"",""ok"":0,""nok"":0},{""station"":""CHW"",""ok"":0,""nok"":0},{""station"":""CCC"",""ok"":0,""nok"":0},{""station"":""MAT"",""ok"":0,""nok"":0},{""station"":""EOL"",""ok"":27,""nok"":0}]"
D09262025S1C1,9/26/2025,07:00:00,2025-09-26T07:00:00,9/26/2025,9:42:39 AM,2025-09-26T9:42:39 AM,"WG REA STELLANTIS CA027 REWORK EOL",96,5,0,"[{""station"":""620"",""ok"":0,""nok"":0},{""station"":""730"",""ok"":0,""nok"":0},{""station"":""731"",""ok"":0,""nok"":0},{""station"":""750"",""ok"":0,""nok"":0},{""station"":""810"",""ok"":0,""nok"":0},{""station"":""915"",""ok"":0,""nok"":0},{""station"":""940"",""ok"":0,""nok"":0},{""station"":""960"",""ok"":0,""nok"":0},{""station"":""CHW"",""ok"":0,""nok"":0},{""station"":""CCC"",""ok"":0,""nok"":0},{""station"":""MAT"",""ok"":0,""nok"":0},{""station"":""EOL"",""ok"":96,""nok"":8}]"
D09262025S1C2,9/26/2025,9:43:39 AM,2025-09-26T9:43:39 AM,9/26/2025,15:00:00,2025-09-26T15:00:00,"WG REA FORD CA030",18,0,18,"[{""station"":""620"",""ok"":70,""nok"":0},{""station"":""730"",""ok"":78,""nok"":0},{""station"":""731"",""ok"":77,""nok"":0},{""station"":""750"",""ok"":68,""nok"":0},{""station"":""810"",""ok"":60,""nok"":0},{""station"":""915"",""ok"":49,""nok"":0},{""station"":""940"",""ok"":36,""nok"":5},{""station"":""960"",""ok"":30,""nok"":0},{""station"":""CHW"",""ok"":81,""nok"":6},{""station"":""CCC"",""ok"":74,""nok"":0},{""station"":""MAT"",""ok"":68,""nok"":1},{""station"":""EOL"",""ok"":18,""nok"":0}]"
D09262025S2C1,9/26/2025,15:00:00,2025-09-26T15:00:00,9/26/2025,22:30:00,2025-09-26T22:30:00,"WG REA FORD CA030",599,18,2,"[{""station"":""620"",""ok"":655,""nok"":13},{""station"":""730"",""ok"":659,""nok"":0},{""station"":""731"",""ok"":660,""nok"":0},{""station"":""750"",""ok"":654,""nok"":0},{""station"":""810"",""ok"":660,""nok"":2},{""station"":""915"",""ok"":659,""nok"":0},{""station"":""940"",""ok"":646,""nok"":9},{""station"":""960"",""ok"":616,""nok"":11},{""station"":""CHW"",""ok"":670,""nok"":22},{""station"":""CCC"",""ok"":665,""nok"":4},{""station"":""MAT"",""ok"":655,""nok"":0},{""station"":""EOL"",""ok"":599,""nok"":12}]"
D09262025S3C1,9/26/2025,22:30:00,2025-09-26T22:30:00,9/27/2025,07:00:00,2025-09-27T07:00:00,"WG REA FORD CA030",817,5,819,"[{""station"":""620"",""ok"":908,""nok"":0},{""station"":""730"",""ok"":911,""nok"":5},{""station"":""731"",""ok"":910,""nok"":0},{""station"":""750"",""ok"":910,""nok"":0},{""station"":""810"",""ok"":909,""nok"":0},{""station"":""915"",""ok"":914,""nok"":0},{""station"":""940"",""ok"":904,""nok"":8},{""station"":""960"",""ok"":850,""nok"":15},{""station"":""CHW"",""ok"":907,""nok"":26},{""station"":""CCC"",""ok"":906,""nok"":1},{""station"":""MAT"",""ok"":910,""nok"":0},{""station"":""EOL"",""ok"":817,""nok"":29}]"
D09272025S1C1,9/27/2025,07:00:00,2025-09-27T07:00:00,9/27/2025,15:00:00,2025-09-27T15:00:00,"WG REA FORD CA030",698,0,698,"[{""station"":""620"",""ok"":743,""nok"":0},{""station"":""730"",""ok"":748,""nok"":1},{""station"":""731"",""ok"":747,""nok"":0},{""station"":""750"",""ok"":745,""nok"":0},{""station"":""810"",""ok"":745,""nok"":0},{""station"":""915"",""ok"":741,""nok"":0},{""station"":""940"",""ok"":728,""nok"":8},{""station"":""960"",""ok"":717,""nok"":0},{""station"":""CHW"",""ok"":746,""nok"":13},{""station"":""CCC"",""ok"":743,""nok"":3},{""station"":""MAT"",""ok"":746,""nok"":2},{""station"":""EOL"",""ok"":698,""nok"":18}]"
D09272025S2C1,9/27/2025,15:00:00,2025-09-27T15:00:00,9/27/2025,22:30:00,2025-09-27T22:30:00,"WG REA FORD CA030",915,700,914,"[{""station"":""620"",""ok"":956,""nok"":9},{""station"":""730"",""ok"":993,""nok"":0},{""station"":""731"",""ok"":953,""nok"":42},{""station"":""750"",""ok"":954,""nok"":0},{""station"":""810"",""ok"":951,""nok"":1},{""station"":""915"",""ok"":962,""nok"":0},{""station"":""940"",""ok"":943,""nok"":7},{""station"":""960"",""ok"":926,""nok"":4},{""station"":""CHW"",""ok"":969,""nok"":1},{""station"":""CCC"",""ok"":965,""nok"":4},{""station"":""MAT"",""ok"":952,""nok"":0},{""station"":""EOL"",""ok"":915,""nok"":11}]"
D09272025S3C1,9/27/2025,22:30:00,2025-09-27T22:30:00,9/28/2025,07:00:00,2025-09-28T07:00:00,"WG REA FORD CA030",0,914,0,"[{""station"":""620"",""ok"":0,""nok"":0},{""station"":""730"",""ok"":0,""nok"":0},{""station"":""731"",""ok"":0,""nok"":0},{""station"":""750"",""ok"":0,""nok"":0},{""station"":""810"",""ok"":0,""nok"":0},{""station"":""915"",""ok"":0,""nok"":0},{""station"":""940"",""ok"":0,""nok"":0},{""station"":""960"",""ok"":0,""nok"":0},{""station"":""CHW"",""ok"":0,""nok"":0},{""station"":""CCC"",""ok"":0,""nok"":0},{""station"":""MAT"",""ok"":0,""nok"":0},{""station"":""EOL"",""ok"":0,""nok"":0}]"
D09282025S1C1,9/28/2025,07:00:00,2025-09-28T07:00:00,9/28/2025,15:00:00,2025-09-28T15:00:00,"WG REA FORD CA030",0,0,0,"[{""station"":""620"",""ok"":0,""nok"":0},{""station"":""730"",""ok"":0,""nok"":0},{""station"":""731"",""ok"":0,""nok"":0},{""station"":""750"",""ok"":0,""nok"":0},{""station"":""810"",""ok"":0,""nok"":0},{""station"":""915"",""ok"":0,""nok"":0},{""station"":""940"",""ok"":0,""nok"":0},{""station"":""960"",""ok"":0,""nok"":0},{""station"":""CHW"",""ok"":0,""nok"":0},{""station"":""CCC"",""ok"":0,""nok"":0},{""station"":""MAT"",""ok"":0,""nok"":0},{""station"":""EOL"",""ok"":0,""nok"":0}]"
D09282025S2C1,9/28/2025,15:00:00,2025-09-28T15:00:00,9/28/2025,22:30:00,2025-09-28T22:30:00,"WG REA FORD CA030",0,0,0,"[{""station"":""620"",""ok"":0,""nok"":0},{""station"":""730"",""ok"":0,""nok"":0},{""station"":""731"",""ok"":0,""nok"":0},{""station"":""750"",""ok"":0,""nok"":0},{""station"":""810"",""ok"":0,""nok"":0},{""station"":""915"",""ok"":0,""nok"":0},{""station"":""940"",""ok"":0,""nok"":0},{""station"":""960"",""ok"":0,""nok"":0},{""station"":""CHW"",""ok"":0,""nok"":0},{""station"":""CCC"",""ok"":0,""nok"":0},{""station"":""MAT"",""ok"":0,""nok"":0},{""station"":""EOL"",""ok"":0,""nok"":0}]"
D09282025S3C1,9/28/2025,22:30:00,2025-09-28T22:30:00,9/29/2025,07:00:00,2025-09-29T07:00:00,"WG REA FORD CA030",0,0,0,"[{""station"":""620"",""ok"":0,""nok"":0},{""station"":""730"",""ok"":1,""nok"":0},{""station"":""731"",""ok"":1,""nok"":0},{""station"":""750"",""ok"":1,""nok"":0},{""station"":""810"",""ok"":0,""nok"":0},{""station"":""915"",""ok"":0,""nok"":0},{""station"":""940"",""ok"":0,""nok"":0},{""station"":""960"",""ok"":0,""nok"":0},{""station"":""CHW"",""ok"":0,""nok"":0},{""station"":""CCC"",""ok"":0,""nok"":0},{""station"":""MAT"",""ok"":1,""nok"":0},{""station"":""EOL"",""ok"":0,""nok"":0}]"
D09292025S1C1,9/29/2025,07:00:00,2025-09-29T07:00:00,9/29/2025,7:54:46 AM,2025-09-29T7:54:46 AM,"WG REA FORD CA030",21,1,21,"[{""station"":""620"",""ok"":12,""nok"":0},{""station"":""730"",""ok"":14,""nok"":0},{""station"":""731"",""ok"":14,""nok"":0},{""station"":""750"",""ok"":15,""nok"":0},{""station"":""810"",""ok"":15,""nok"":0},{""station"":""915"",""ok"":14,""nok"":0},{""station"":""940"",""ok"":22,""nok"":0},{""station"":""960"",""ok"":16,""nok"":1},{""station"":""CHW"",""ok"":12,""nok"":1},{""station"":""CCC"",""ok"":12,""nok"":0},{""station"":""MAT"",""ok"":15,""nok"":0},{""station"":""EOL"",""ok"":21,""nok"":0}]"
D09292025S1C2,9/29/2025,7:55:46 AM,2025-09-29T7:55:46 AM,9/29/2025,9:58:46 AM,2025-09-29T9:58:46 AM,"WG REA FORD CA030 REWORK NO BRANSON",8,0,0,"[{""station"":""620"",""ok"":0,""nok"":0},{""station"":""730"",""ok"":0,""nok"":0},{""station"":""731"",""ok"":0,""nok"":0},{""station"":""750"",""ok"":0,""nok"":0},{""station"":""810"",""ok"":0,""nok"":0},{""station"":""915"",""ok"":0,""nok"":0},{""station"":""940"",""ok"":12,""nok"":15},{""station"":""960"",""ok"":8,""nok"":1},{""station"":""CHW"",""ok"":0,""nok"":0},{""station"":""CCC"",""ok"":0,""nok"":0},{""station"":""MAT"",""ok"":0,""nok"":0},{""station"":""EOL"",""ok"":8,""nok"":0}]"
D09292025S1C3,9/29/2025,9:59:46 AM,2025-09-29T9:59:46 AM,9/29/2025,15:00:00,2025-09-29T15:00:00,"WG REA FORD CA030",536,0,536,"[{""station"":""620"",""ok"":544,""nok"":3},{""station"":""730"",""ok"":549,""nok"":0},{""station"":""731"",""ok"":535,""nok"":4},{""station"":""750"",""ok"":535,""nok"":0},{""station"":""810"",""ok"":539,""nok"":1},{""station"":""915"",""ok"":555,""nok"":0},{""station"":""940"",""ok"":551,""nok"":2},{""station"":""960"",""ok"":542,""nok"":1},{""station"":""CHW"",""ok"":551,""nok"":1},{""station"":""CCC"",""ok"":549,""nok"":2},{""station"":""MAT"",""ok"":535,""nok"":0},{""station"":""EOL"",""ok"":536,""nok"":0}]"
D09292025S2C1,9/29/2025,15:00:00,2025-09-29T15:00:00,9/29/2025,5:04:46 PM,2025-09-29T5:04:46 PM,"WG REA FORD CA030",248,536,248,"[{""station"":""620"",""ok"":261,""nok"":1},{""station"":""730"",""ok"":264,""nok"":0},{""station"":""731"",""ok"":273,""nok"":0},{""station"":""750"",""ok"":271,""nok"":0},{""station"":""810"",""ok"":267,""nok"":0},{""station"":""915"",""ok"":244,""nok"":0},{""station"":""940"",""ok"":243,""nok"":1},{""station"":""960"",""ok"":243,""nok"":2},{""station"":""CHW"",""ok"":260,""nok"":6},{""station"":""CCC"",""ok"":260,""nok"":0},{""station"":""MAT"",""ok"":272,""nok"":0},{""station"":""EOL"",""ok"":248,""nok"":1}]"
D09292025S2C2,9/29/2025,5:05:46 PM,2025-09-29T5:05:46 PM,9/29/2025,22:30:00,2025-09-29T22:30:00,"WG REA FORD CA029",740,0,740,"[{""station"":""620"",""ok"":757,""nok"":3},{""station"":""730"",""ok"":757,""nok"":1},{""station"":""731"",""ok"":757,""nok"":0},{""station"":""750"",""ok"":757,""nok"":0},{""station"":""810"",""ok"":758,""nok"":7},{""station"":""915"",""ok"":763,""nok"":0},{""station"":""940"",""ok"":754,""nok"":4},{""station"":""960"",""ok"":749,""nok"":0},{""station"":""CHW"",""ok"":760,""nok"":3},{""station"":""CCC"",""ok"":760,""nok"":0},{""station"":""MAT"",""ok"":756,""nok"":1},{""station"":""EOL"",""ok"":740,""nok"":2}]"
D09292025S3C1,9/29/2025,22:30:00,2025-09-29T22:30:00,9/30/2025,07:00:00,2025-09-30T07:00:00,"WG REA FORD CA029",1194,743,1192,"[{""station"":""620"",""ok"":1246,""nok"":5},{""station"":""730"",""ok"":1247,""nok"":3},{""station"":""731"",""ok"":1247,""nok"":0},{""station"":""750"",""ok"":1247,""nok"":0},{""station"":""810"",""ok"":1225,""nok"":3},{""station"":""915"",""ok"":1251,""nok"":1},{""station"":""940"",""ok"":1222,""nok"":5},{""station"":""960"",""ok"":1211,""nok"":0},{""station"":""CHW"",""ok"":1240,""nok"":2},{""station"":""CCC"",""ok"":1251,""nok"":0},{""station"":""MAT"",""ok"":1231,""nok"":0},{""station"":""EOL"",""ok"":1194,""nok"":4}]"
D09302025S1C1,9/30/2025,07:00:00,2025-09-30T07:00:00,9/30/2025,15:00:00,2025-09-30T15:00:00,"WG REA FORD CA029",1057,1193,1,"[{""station"":""620"",""ok"":1058,""nok"":4},{""station"":""730"",""ok"":1060,""nok"":16},{""station"":""731"",""ok"":1060,""nok"":0},{""station"":""750"",""ok"":1060,""nok"":0},{""station"":""810"",""ok"":1059,""nok"":2},{""station"":""915"",""ok"":1078,""nok"":0},{""station"":""940"",""ok"":1067,""nok"":5},{""station"":""960"",""ok"":1059,""nok"":1},{""station"":""CHW"",""ok"":1067,""nok"":5},{""station"":""CCC"",""ok"":1064,""nok"":3},{""station"":""MAT"",""ok"":1061,""nok"":1},{""station"":""EOL"",""ok"":1057,""nok"":1}]"
D09302025S2C1,9/30/2025,15:00:00,2025-09-30T15:00:00,9/30/2025,22:30:00,2025-09-30T22:30:00,"WG REA FORD CA029",1062,4,1063,"[{""station"":""620"",""ok"":1077,""nok"":0},{""station"":""730"",""ok"":1078,""nok"":1},{""station"":""731"",""ok"":1078,""nok"":0},{""station"":""750"",""ok"":1078,""nok"":0},{""station"":""810"",""ok"":1078,""nok"":3},{""station"":""915"",""ok"":1082,""nok"":0},{""station"":""940"",""ok"":1076,""nok"":1},{""station"":""960"",""ok"":1069,""nok"":3},{""station"":""CHW"",""ok"":1083,""nok"":5},{""station"":""CCC"",""ok"":1078,""nok"":6},{""station"":""MAT"",""ok"":1077,""nok"":0},{""station"":""EOL"",""ok"":1062,""nok"":5}]"
D09302025S3C1,9/30/2025,22:30:00,2025-09-30T22:30:00,10/1/2025,07:00:00,2025-10-01T07:00:00,"WG REA FORD CA029",1199,1,1200,"[{""station"":""620"",""ok"":1226,""nok"":0},{""station"":""730"",""ok"":1227,""nok"":6},{""station"":""731"",""ok"":1225,""nok"":2},{""station"":""750"",""ok"":1225,""nok"":0},{""station"":""810"",""ok"":1223,""nok"":2},{""station"":""915"",""ok"":1222,""nok"":0},{""station"":""940"",""ok"":1214,""nok"":9},{""station"":""960"",""ok"":1200,""nok"":2},{""station"":""CHW"",""ok"":1227,""nok"":9},{""station"":""CCC"",""ok"":1226,""nok"":2},{""station"":""MAT"",""ok"":1225,""nok"":0},{""station"":""EOL"",""ok"":1199,""nok"":1}]"
D10012025S1C1,10/1/2025,07:00:00,2025-10-01T07:00:00,10/1/2025,15:00:00,2025-10-01T15:00:00,"WG REA FORD CA029",936,0,936,"[{""station"":""620"",""ok"":936,""nok"":0},{""station"":""730"",""ok"":931,""nok"":0},{""station"":""731"",""ok"":932,""nok"":0},{""station"":""750"",""ok"":933,""nok"":0},{""station"":""810"",""ok"":941,""nok"":2},{""station"":""915"",""ok"":945,""nok"":0},{""station"":""940"",""ok"":939,""nok"":8},{""station"":""960"",""ok"":936,""nok"":1},{""station"":""CHW"",""ok"":937,""nok"":5},{""station"":""CCC"",""ok"":936,""nok"":0},{""station"":""MAT"",""ok"":934,""nok"":0},{""station"":""EOL"",""ok"":936,""nok"":0}]"
D10012025S2C1,10/1/2025,15:00:00,2025-10-01T15:00:00,10/1/2025,22:30:00,2025-10-01T22:30:00,"WG REA FORD CA029",392,936,392,"[{""station"":""620"",""ok"":413,""nok"":0},{""station"":""730"",""ok"":429,""nok"":1},{""station"":""731"",""ok"":426,""nok"":2},{""station"":""750"",""ok"":417,""nok"":0},{""station"":""810"",""ok"":414,""nok"":0},{""station"":""915"",""ok"":405,""nok"":2},{""station"":""940"",""ok"":399,""nok"":0},{""station"":""960"",""ok"":397,""nok"":0},{""station"":""CHW"",""ok"":420,""nok"":7},{""station"":""CCC"",""ok"":412,""nok"":8},{""station"":""MAT"",""ok"":419,""nok"":0},{""station"":""EOL"",""ok"":392,""nok"":5}]"
D10012025S3C1,10/1/2025,22:30:00,2025-10-01T22:30:00,10/2/2025,07:00:00,2025-10-02T07:00:00,"WG REA FORD CA029",1130,2,1132,"[{""station"":""620"",""ok"":1153,""nok"":4},{""station"":""730"",""ok"":1161,""nok"":0},{""station"":""731"",""ok"":1162,""nok"":0},{""station"":""750"",""ok"":1156,""nok"":0},{""station"":""810"",""ok"":1156,""nok"":0},{""station"":""915"",""ok"":1152,""nok"":1},{""station"":""940"",""ok"":1150,""nok"":0},{""station"":""960"",""ok"":1147,""nok"":0},{""station"":""CHW"",""ok"":1157,""nok"":1},{""station"":""CCC"",""ok"":1155,""nok"":2},{""station"":""MAT"",""ok"":1156,""nok"":6},{""station"":""EOL"",""ok"":1130,""nok"":17}]"
D10022025S1C1,10/2/2025,07:00:00,2025-10-02T07:00:00,10/2/2025,15:00:00,2025-10-02T15:00:00,"WG REA FORD CA029",745,1135,736,"[{""station"":""620"",""ok"":761,""nok"":0},{""station"":""730"",""ok"":767,""nok"":0},{""station"":""731"",""ok"":766,""nok"":0},{""station"":""750"",""ok"":757,""nok"":0},{""station"":""810"",""ok"":748,""nok"":2},{""station"":""915"",""ok"":764,""nok"":0},{""station"":""940"",""ok"":759,""nok"":3},{""station"":""960"",""ok"":755,""nok"":2},{""station"":""CHW"",""ok"":762,""nok"":6},{""station"":""CCC"",""ok"":762,""nok"":1},{""station"":""MAT"",""ok"":763,""nok"":3},{""station"":""EOL"",""ok"":745,""nok"":8}]"
D10022025S2C1,10/2/2025,15:00:00,2025-10-02T15:00:00,10/2/2025,6:08:53 PM,2025-10-02T6:08:53 PM,"WG REA FORD CA029",16,736,0,"[{""station"":""620"",""ok"":0,""nok"":0},{""station"":""730"",""ok"":0,""nok"":0},{""station"":""731"",""ok"":0,""nok"":0},{""station"":""750"",""ok"":0,""nok"":0},{""station"":""810"",""ok"":8,""nok"":1},{""station"":""915"",""ok"":2,""nok"":0},{""station"":""940"",""ok"":7,""nok"":0},{""station"":""960"",""ok"":10,""nok"":0},{""station"":""CHW"",""ok"":0,""nok"":0},{""station"":""CCC"",""ok"":0,""nok"":0},{""station"":""MAT"",""ok"":0,""nok"":0},{""station"":""EOL"",""ok"":16,""nok"":0}]"
D10022025S2C2,10/2/2025,6:09:53 PM,2025-10-02T6:09:53 PM,10/2/2025,22:30:00,2025-10-02T22:30:00,"WG REA FORD CA030",542,0,0,"[{""station"":""620"",""ok"":561,""nok"":0},{""station"":""730"",""ok"":576,""nok"":0},{""station"":""731"",""ok"":560,""nok"":16},{""station"":""750"",""ok"":565,""nok"":0},{""station"":""810"",""ok"":567,""nok"":0},{""station"":""915"",""ok"":559,""nok"":0},{""station"":""940"",""ok"":553,""nok"":1},{""station"":""960"",""ok"":550,""nok"":0},{""station"":""CHW"",""ok"":563,""nok"":9},{""station"":""CCC"",""ok"":563,""nok"":1},{""station"":""MAT"",""ok"":559,""nok"":0},{""station"":""EOL"",""ok"":542,""nok"":1}]"
D10022025S3C1,10/2/2025,22:30:00,2025-10-02T22:30:00,10/3/2025,07:00:00,2025-10-03T07:00:00,"WG REA FORD CA030",1268,3,1,"[{""station"":""620"",""ok"":1270,""nok"":0},{""station"":""730"",""ok"":1290,""nok"":0},{""station"":""731"",""ok"":1268,""nok"":22},{""station"":""750"",""ok"":1270,""nok"":0},{""station"":""810"",""ok"":1274,""nok"":0},{""station"":""915"",""ok"":1287,""nok"":0},{""station"":""940"",""ok"":1275,""nok"":12},{""station"":""960"",""ok"":1271,""nok"":1},{""station"":""CHW"",""ok"":1272,""nok"":9},{""station"":""CCC"",""ok"":1272,""nok"":0},{""station"":""MAT"",""ok"":1270,""nok"":0},{""station"":""EOL"",""ok"":1268,""nok"":3}]"
D10032025S1C1,10/3/2025,07:00:00,2025-10-03T07:00:00,10/3/2025,15:00:00,2025-10-03T15:00:00,"WG REA FORD CA030",947,1,948,"[{""station"":""620"",""ok"":968,""nok"":0},{""station"":""730"",""ok"":972,""nok"":0},{""station"":""731"",""ok"":970,""nok"":2},{""station"":""750"",""ok"":969,""nok"":0},{""station"":""810"",""ok"":965,""nok"":2},{""station"":""915"",""ok"":966,""nok"":0},{""station"":""940"",""ok"":961,""nok"":0},{""station"":""960"",""ok"":956,""nok"":0},{""station"":""CHW"",""ok"":972,""nok"":2},{""station"":""CCC"",""ok"":968,""nok"":4},{""station"":""MAT"",""ok"":969,""nok"":1},{""station"":""EOL"",""ok"":947,""nok"":7}]"
D10032025S2C1,10/3/2025,15:00:00,2025-10-03T15:00:00,10/3/2025,22:30:00,2025-10-03T22:30:00,"WG REA FORD CA030",1133,950,1125,"[{""station"":""620"",""ok"":1155,""nok"":0},{""station"":""730"",""ok"":1164,""nok"":0},{""station"":""731"",""ok"":1158,""nok"":6},{""station"":""750"",""ok"":1158,""nok"":0},{""station"":""810"",""ok"":1160,""nok"":1},{""station"":""915"",""ok"":1148,""nok"":1},{""station"":""940"",""ok"":1145,""nok"":1},{""station"":""960"",""ok"":1139,""nok"":0},{""station"":""CHW"",""ok"":1153,""nok"":4},{""station"":""CCC"",""ok"":1153,""nok"":0},{""station"":""MAT"",""ok"":1158,""nok"":0},{""station"":""EOL"",""ok"":1133,""nok"":6}]"
D10032025S3C1,10/3/2025,22:30:00,2025-10-03T22:30:00,10/4/2025,07:00:00,2025-10-04T07:00:00,"WG REA FORD CA030",1257,2,1259,"[{""station"":""620"",""ok"":1267,""nok"":1},{""station"":""730"",""ok"":1282,""nok"":1},{""station"":""731"",""ok"":1275,""nok"":6},{""station"":""750"",""ok"":1268,""nok"":5},{""station"":""810"",""ok"":1267,""nok"":1},{""station"":""915"",""ok"":1268,""nok"":1},{""station"":""940"",""ok"":1264,""nok"":3},{""station"":""960"",""ok"":1262,""nok"":0},{""station"":""CHW"",""ok"":1271,""nok"":2},{""station"":""CCC"",""ok"":1268,""nok"":2},{""station"":""MAT"",""ok"":1271,""nok"":2},{""station"":""EOL"",""ok"":1257,""nok"":5}]"
D10042025S1C1,10/4/2025,07:00:00,2025-10-04T07:00:00,10/4/2025,11:33:56 AM,2025-10-04T11:33:56 AM,"WG REA FORD CA030",593,2,0,"[{""station"":""620"",""ok"":589,""nok"":0},{""station"":""730"",""ok"":589,""nok"":2},{""station"":""731"",""ok"":588,""nok"":0},{""station"":""750"",""ok"":583,""nok"":0},{""station"":""810"",""ok"":575,""nok"":0},{""station"":""915"",""ok"":584,""nok"":0},{""station"":""940"",""ok"":589,""nok"":1},{""station"":""960"",""ok"":590,""nok"":0},{""station"":""CHW"",""ok"":594,""nok"":2},{""station"":""CCC"",""ok"":591,""nok"":3},{""station"":""MAT"",""ok"":589,""nok"":0},{""station"":""EOL"",""ok"":593,""nok"":3}]"
D10042025S1C2,10/4/2025,11:34:56 AM,2025-10-04T11:34:56 AM,10/4/2025,1:37:56 PM,2025-10-04T1:37:56 PM,"WG REA FORD CA030 REWORK EOL",154,0,0,"[{""station"":""620"",""ok"":0,""nok"":0},{""station"":""730"",""ok"":0,""nok"":0},{""station"":""731"",""ok"":0,""nok"":0},{""station"":""750"",""ok"":0,""nok"":0},{""station"":""810"",""ok"":0,""nok"":0},{""station"":""915"",""ok"":0,""nok"":0},{""station"":""940"",""ok"":0,""nok"":0},{""station"":""960"",""ok"":0,""nok"":0},{""station"":""CHW"",""ok"":0,""nok"":0},{""station"":""CCC"",""ok"":0,""nok"":0},{""station"":""MAT"",""ok"":0,""nok"":0},{""station"":""EOL"",""ok"":154,""nok"":9}]"
D10042025S1C3,10/4/2025,1:38:56 PM,2025-10-04T1:38:56 PM,10/4/2025,15:00:00,2025-10-04T15:00:00,"WG REA FORD CA029",109,0,109,"[{""station"":""620"",""ok"":111,""nok"":0},{""station"":""730"",""ok"":114,""nok"":0},{""station"":""731"",""ok"":114,""nok"":0},{""station"":""750"",""ok"":120,""nok"":0},{""station"":""810"",""ok"":128,""nok"":0},{""station"":""915"",""ok"":127,""nok"":0},{""station"":""940"",""ok"":121,""nok"":0},{""station"":""960"",""ok"":117,""nok"":1},{""station"":""CHW"",""ok"":107,""nok"":1},{""station"":""CCC"",""ok"":108,""nok"":0},{""station"":""MAT"",""ok"":114,""nok"":0},{""station"":""EOL"",""ok"":109,""nok"":1}]"
D10042025S2C1,10/4/2025,15:00:00,2025-10-04T15:00:00,10/4/2025,22:30:00,2025-10-04T22:30:00,"WG REA FORD CA029",1146,2,0,"[{""station"":""620"",""ok"":1184,""nok"":0},{""station"":""730"",""ok"":1189,""nok"":1},{""station"":""731"",""ok"":1184,""nok"":6},{""station"":""750"",""ok"":1183,""nok"":0},{""station"":""810"",""ok"":1180,""nok"":0},{""station"":""915"",""ok"":1172,""nok"":0},{""station"":""940"",""ok"":1170,""nok"":1},{""station"":""960"",""ok"":1148,""nok"":15},{""station"":""CHW"",""ok"":1186,""nok"":6},{""station"":""CCC"",""ok"":1185,""nok"":0},{""station"":""MAT"",""ok"":1182,""nok"":1},{""station"":""EOL"",""ok"":1146,""nok"":1}]"
D10042025S3C1,10/4/2025,22:30:00,2025-10-04T22:30:00,10/5/2025,07:00:00,2025-10-05T07:00:00,"WG REA FORD CA029",0,0,0,"[{""station"":""620"",""ok"":0,""nok"":0},{""station"":""730"",""ok"":0,""nok"":0},{""station"":""731"",""ok"":0,""nok"":0},{""station"":""750"",""ok"":0,""nok"":0},{""station"":""810"",""ok"":0,""nok"":0},{""station"":""915"",""ok"":0,""nok"":0},{""station"":""940"",""ok"":0,""nok"":0},{""station"":""960"",""ok"":0,""nok"":0},{""station"":""CHW"",""ok"":0,""nok"":0},{""station"":""CCC"",""ok"":0,""nok"":0},{""station"":""MAT"",""ok"":0,""nok"":0},{""station"":""EOL"",""ok"":0,""nok"":0}]"
D10052025S1C1,10/5/2025,07:00:00,2025-10-05T07:00:00,10/5/2025,15:00:00,2025-10-05T15:00:00,"WG REA FORD CA029",790,0,790,"[{""station"":""620"",""ok"":834,""nok"":0},{""station"":""730"",""ok"":835,""nok"":1},{""station"":""731"",""ok"":835,""nok"":0},{""station"":""750"",""ok"":835,""nok"":0},{""station"":""810"",""ok"":836,""nok"":0},{""station"":""915"",""ok"":841,""nok"":1},{""station"":""940"",""ok"":843,""nok"":0},{""station"":""960"",""ok"":792,""nok"":11},{""station"":""CHW"",""ok"":838,""nok"":5},{""station"":""CCC"",""ok"":834,""nok"":4},{""station"":""MAT"",""ok"":835,""nok"":0},{""station"":""EOL"",""ok"":790,""nok"":0}]"
D10052025S2C1,10/5/2025,15:00:00,2025-10-05T15:00:00,10/5/2025,22:30:00,2025-10-05T22:30:00,"WG REA FORD CA029",305,792,1095,"[{""station"":""620"",""ok"":320,""nok"":0},{""station"":""730"",""ok"":321,""nok"":0},{""station"":""731"",""ok"":320,""nok"":0},{""station"":""750"",""ok"":320,""nok"":0},{""station"":""810"",""ok"":319,""nok"":0},{""station"":""915"",""ok"":309,""nok"":0},{""station"":""940"",""ok"":307,""nok"":1},{""station"":""960"",""ok"":305,""nok"":1},{""station"":""CHW"",""ok"":320,""nok"":3},{""station"":""CCC"",""ok"":320,""nok"":0},{""station"":""MAT"",""ok"":321,""nok"":0},{""station"":""EOL"",""ok"":305,""nok"":0}]"
D10052025S3C1,10/5/2025,22:30:00,2025-10-05T22:30:00,10/6/2025,07:00:00,2025-10-06T07:00:00,"WG REA FORD CA029",3,1095,4,"[{""station"":""620"",""ok"":0,""nok"":0},{""station"":""730"",""ok"":0,""nok"":0},{""station"":""731"",""ok"":0,""nok"":0},{""station"":""750"",""ok"":0,""nok"":0},{""station"":""810"",""ok"":2,""nok"":0},{""station"":""915"",""ok"":1,""nok"":0},{""station"":""940"",""ok"":1,""nok"":0},{""station"":""960"",""ok"":3,""nok"":0},{""station"":""CHW"",""ok"":0,""nok"":0},{""station"":""CCC"",""ok"":0,""nok"":0},{""station"":""MAT"",""ok"":0,""nok"":0},{""station"":""EOL"",""ok"":3,""nok"":0}]"
D10062025S1C1,10/6/2025,07:00:00,2025-10-06T07:00:00,10/6/2025,15:00:00,2025-10-06T15:00:00,"WG REA FORD CA029",667,4,671,"[{""station"":""620"",""ok"":717,""nok"":1},{""station"":""730"",""ok"":727,""nok"":0},{""station"":""731"",""ok"":726,""nok"":2},{""station"":""750"",""ok"":726,""nok"":0},{""station"":""810"",""ok"":725,""nok"":0},{""station"":""915"",""ok"":724,""nok"":8},{""station"":""940"",""ok"":720,""nok"":0},{""station"":""960"",""ok"":669,""nok"":17},{""station"":""CHW"",""ok"":720,""nok"":9},{""station"":""CCC"",""ok"":718,""nok"":2},{""station"":""MAT"",""ok"":725,""nok"":0},{""station"":""EOL"",""ok"":667,""nok"":0}]"
D10062025S2C1,10/6/2025,15:00:00,2025-10-06T15:00:00,10/6/2025,22:30:00,2025-10-06T22:30:00,"WG REA FORD CA029",1121,674,1111,"[{""station"":""620"",""ok"":1133,""nok"":0},{""station"":""730"",""ok"":1133,""nok"":0},{""station"":""731"",""ok"":1132,""nok"":0},{""station"":""750"",""ok"":1132,""nok"":0},{""station"":""810"",""ok"":1126,""nok"":0},{""station"":""915"",""ok"":1132,""nok"":0},{""station"":""940"",""ok"":1130,""nok"":1},{""station"":""960"",""ok"":1124,""nok"":1},{""station"":""CHW"",""ok"":1137,""nok"":2},{""station"":""CCC"",""ok"":1136,""nok"":1},{""station"":""MAT"",""ok"":1133,""nok"":0},{""station"":""EOL"",""ok"":1121,""nok"":0}]"
D10062025S3C1,10/6/2025,22:30:00,2025-10-06T22:30:00,10/7/2025,07:00:00,2025-10-07T07:00:00,"WG REA FORD CA029",1237,1114,1236,"[{""station"":""620"",""ok"":1300,""nok"":1},{""station"":""730"",""ok"":1304,""nok"":3},{""station"":""731"",""ok"":1304,""nok"":0},{""station"":""750"",""ok"":1301,""nok"":0},{""station"":""810"",""ok"":1279,""nok"":0},{""station"":""915"",""ok"":1296,""nok"":1},{""station"":""940"",""ok"":1279,""nok"":0},{""station"":""960"",""ok"":1272,""nok"":0},{""station"":""CHW"",""ok"":1270,""nok"":3},{""station"":""CCC"",""ok"":1301,""nok"":0},{""station"":""MAT"",""ok"":1272,""nok"":3},{""station"":""EOL"",""ok"":1237,""nok"":0}]"
D10072025S1C1,10/7/2025,07:00:00,2025-10-07T07:00:00,10/7/2025,10:47:03 AM,2025-10-07T10:47:03 AM,"WG REA FORD CA029",530,1239,0,"[{""station"":""620"",""ok"":507,""nok"":0},{""station"":""730"",""ok"":509,""nok"":0},{""station"":""731"",""ok"":510,""nok"":0},{""station"":""750"",""ok"":515,""nok"":0},{""station"":""810"",""ok"":514,""nok"":0},{""station"":""915"",""ok"":520,""nok"":0},{""station"":""940"",""ok"":525,""nok"":1},{""station"":""960"",""ok"":524,""nok"":0},{""station"":""CHW"",""ok"":499,""nok"":5},{""station"":""CCC"",""ok"":504,""nok"":1},{""station"":""MAT"",""ok"":514,""nok"":2},{""station"":""EOL"",""ok"":530,""nok"":0}]"
D10072025S1C2,10/7/2025,10:48:03 AM,2025-10-07T10:48:03 AM,10/7/2025,15:00:00,2025-10-07T15:00:00,"WG REA GM CS022",7,0,7,"[{""station"":""620"",""ok"":52,""nok"":0},{""station"":""730"",""ok"":58,""nok"":0},{""station"":""731"",""ok"":58,""nok"":0},{""station"":""750"",""ok"":46,""nok"":0},{""station"":""810"",""ok"":31,""nok"":0},{""station"":""915"",""ok"":26,""nok"":0},{""station"":""940"",""ok"":20,""nok"":0},{""station"":""960"",""ok"":13,""nok"":0},{""station"":""CHW"",""ok"":60,""nok"":12},{""station"":""CCC"",""ok"":53,""nok"":0},{""station"":""MAT"",""ok"":53,""nok"":0},{""station"":""EOL"",""ok"":7,""nok"":0}]"
D10072025S2C1,10/7/2025,15:00:00,2025-10-07T15:00:00,10/7/2025,22:30:00,2025-10-07T22:30:00,"WG REA GM CS022",611,7,611,"[{""station"":""620"",""ok"":654,""nok"":1},{""station"":""730"",""ok"":659,""nok"":0},{""station"":""731"",""ok"":658,""nok"":0},{""station"":""750"",""ok"":656,""nok"":1},{""station"":""810"",""ok"":664,""nok"":10},{""station"":""915"",""ok"":658,""nok"":0},{""station"":""940"",""ok"":641,""nok"":11},{""station"":""960"",""ok"":639,""nok"":0},{""station"":""CHW"",""ok"":654,""nok"":8},{""station"":""CCC"",""ok"":654,""nok"":1},{""station"":""MAT"",""ok"":651,""nok"":1},{""station"":""EOL"",""ok"":611,""nok"":20}]"
D10072025S3C1,10/7/2025,22:30:00,2025-10-07T22:30:00,10/8/2025,07:00:00,2025-10-08T07:00:00,"WG REA GM CS022",563,614,546,"[{""station"":""620"",""ok"":599,""nok"":0},{""station"":""730"",""ok"":590,""nok"":1},{""station"":""731"",""ok"":590,""nok"":0},{""station"":""750"",""ok"":589,""nok"":0},{""station"":""810"",""ok"":589,""nok"":0},{""station"":""915"",""ok"":599,""nok"":0},{""station"":""940"",""ok"":588,""nok"":5},{""station"":""960"",""ok"":581,""nok"":1},{""station"":""CHW"",""ok"":603,""nok"":14},{""station"":""CCC"",""ok"":599,""nok"":3},{""station"":""MAT"",""ok"":589,""nok"":0},{""station"":""EOL"",""ok"":563,""nok"":17}]"
D10082025S1C1,10/8/2025,07:00:00,2025-10-08T07:00:00,10/8/2025,15:00:00,2025-10-08T15:00:00,"WG REA GM CS022",823,548,820,"[{""station"":""620"",""ok"":827,""nok"":0},{""station"":""730"",""ok"":839,""nok"":10},{""station"":""731"",""ok"":840,""nok"":0},{""station"":""750"",""ok"":839,""nok"":0},{""station"":""810"",""ok"":839,""nok"":1},{""station"":""915"",""ok"":842,""nok"":0},{""station"":""940"",""ok"":841,""nok"":0},{""station"":""960"",""ok"":832,""nok"":3},{""station"":""CHW"",""ok"":832,""nok"":10},{""station"":""CCC"",""ok"":828,""nok"":5},{""station"":""MAT"",""ok"":839,""nok"":0},{""station"":""EOL"",""ok"":823,""nok"":8}]"
D10082025S2C1,10/8/2025,15:00:00,2025-10-08T15:00:00,10/8/2025,9:39:06 PM,2025-10-08T9:39:06 PM,"WG REA GM CS022",934,822,919,"[{""station"":""620"",""ok"":951,""nok"":0},{""station"":""730"",""ok"":955,""nok"":6},{""station"":""731"",""ok"":954,""nok"":2},{""station"":""750"",""ok"":957,""nok"":0},{""station"":""810"",""ok"":957,""nok"":0},{""station"":""915"",""ok"":936,""nok"":1},{""station"":""940"",""ok"":935,""nok"":1},{""station"":""960"",""ok"":930,""nok"":5},{""station"":""CHW"",""ok"":952,""nok"":12},{""station"":""CCC"",""ok"":950,""nok"":1},{""station"":""MAT"",""ok"":956,""nok"":0},{""station"":""EOL"",""ok"":934,""nok"":4}]"
D10082025S2C2,10/8/2025,9:40:06 PM,2025-10-08T9:40:06 PM,10/8/2025,22:30:00,2025-10-08T22:30:00,"WG REA GM CS023",0,0,0,"[{""station"":""620"",""ok"":0,""nok"":0},{""station"":""730"",""ok"":0,""nok"":0},{""station"":""731"",""ok"":0,""nok"":0},{""station"":""750"",""ok"":0,""nok"":0},{""station"":""810"",""ok"":1,""nok"":0},{""station"":""915"",""ok"":6,""nok"":0},{""station"":""940"",""ok"":2,""nok"":0},{""station"":""960"",""ok"":0,""nok"":0},{""station"":""CHW"",""ok"":0,""nok"":0},{""station"":""CCC"",""ok"":0,""nok"":0},{""station"":""MAT"",""ok"":0,""nok"":0},{""station"":""EOL"",""ok"":0,""nok"":0}]"
D10082025S3C1,10/8/2025,22:30:00,2025-10-08T22:30:00,10/9/2025,07:00:00,2025-10-09T07:00:00,"WG REA GM CS023",412,0,412,"[{""station"":""620"",""ok"":430,""nok"":6},{""station"":""730"",""ok"":446,""nok"":0},{""station"":""731"",""ok"":430,""nok"":15},{""station"":""750"",""ok"":428,""nok"":0},{""station"":""810"",""ok"":425,""nok"":0},{""station"":""915"",""ok"":436,""nok"":0},{""station"":""940"",""ok"":436,""nok"":0},{""station"":""960"",""ok"":428,""nok"":0},{""station"":""CHW"",""ok"":442,""nok"":10},{""station"":""CCC"",""ok"":440,""nok"":3},{""station"":""MAT"",""ok"":428,""nok"":0},{""station"":""EOL"",""ok"":412,""nok"":1}]"
D10092025S1C1,10/9/2025,07:00:00,2025-10-09T07:00:00,10/9/2025,15:00:00,2025-10-09T15:00:00,"WG REA GM CS023",1041,415,1039,"[{""station"":""620"",""ok"":1053,""nok"":0},{""station"":""730"",""ok"":1060,""nok"":0},{""station"":""731"",""ok"":1054,""nok"":6},{""station"":""750"",""ok"":1055,""nok"":0},{""station"":""810"",""ok"":1055,""nok"":0},{""station"":""915"",""ok"":1056,""nok"":0},{""station"":""940"",""ok"":1059,""nok"":0},{""station"":""960"",""ok"":1056,""nok"":1},{""station"":""CHW"",""ok"":1052,""nok"":12},{""station"":""CCC"",""ok"":1050,""nok"":1},{""station"":""MAT"",""ok"":1055,""nok"":0},{""station"":""EOL"",""ok"":1041,""nok"":14}]"
D10092025S2C1,10/9/2025,15:00:00,2025-10-09T15:00:00,10/9/2025,22:30:00,2025-10-09T22:30:00,"WG REA GM CS023",854,1039,854,"[{""station"":""620"",""ok"":936,""nok"":0},{""station"":""730"",""ok"":945,""nok"":3},{""station"":""731"",""ok"":941,""nok"":4},{""station"":""750"",""ok"":941,""nok"":0},{""station"":""810"",""ok"":938,""nok"":0},{""station"":""915"",""ok"":919,""nok"":0},{""station"":""940"",""ok"":913,""nok"":0},{""station"":""960"",""ok"":858,""nok"":3},{""station"":""CHW"",""ok"":941,""nok"":4},{""station"":""CCC"",""ok"":935,""nok"":5},{""station"":""MAT"",""ok"":941,""nok"":1},{""station"":""EOL"",""ok"":854,""nok"":3}]"
D10092025S3C1,10/9/2025,22:30:00,2025-10-09T22:30:00,10/10/2025,2:26:07 AM,2025-10-10T2:26:07 AM,"WG REA GM CS023",540,0,0,"[{""station"":""620"",""ok"":506,""nok"":0},{""station"":""730"",""ok"":503,""nok"":3},{""station"":""731"",""ok"":503,""nok"":0},{""station"":""750"",""ok"":507,""nok"":0},{""station"":""810"",""ok"":507,""nok"":0},{""station"":""915"",""ok"":527,""nok"":0},{""station"":""940"",""ok"":535,""nok"":0},{""station"":""960"",""ok"":537,""nok"":0},{""station"":""CHW"",""ok"":499,""nok"":6},{""station"":""CCC"",""ok"":505,""nok"":1},{""station"":""MAT"",""ok"":507,""nok"":1},{""station"":""EOL"",""ok"":540,""nok"":2}]"
D10092025S3C2,10/10/2025,2:27:07 AM,2025-10-10T2:27:07 AM,10/10/2025,3:32:07 AM,2025-10-10T3:32:07 AM,"WG REA GM CS023 REWORK NO BRANSON",92,0,0,"[{""station"":""620"",""ok"":0,""nok"":0},{""station"":""730"",""ok"":0,""nok"":0},{""station"":""731"",""ok"":0,""nok"":0},{""station"":""750"",""ok"":0,""nok"":0},{""station"":""810"",""ok"":0,""nok"":0},{""station"":""915"",""ok"":0,""nok"":0},{""station"":""940"",""ok"":108,""nok"":10},{""station"":""960"",""ok"":101,""nok"":3},{""station"":""CHW"",""ok"":0,""nok"":0},{""station"":""CCC"",""ok"":0,""nok"":0},{""station"":""MAT"",""ok"":0,""nok"":0},{""station"":""EOL"",""ok"":92,""nok"":8}]"
D10092025S3C3,10/10/2025,3:33:07 AM,2025-10-10T3:33:07 AM,10/10/2025,4:50:07 AM,2025-10-10T4:50:07 AM,"WG REA GM CS023 REWORK EOL",38,0,0,"[{""station"":""620"",""ok"":0,""nok"":0},{""station"":""730"",""ok"":0,""nok"":0},{""station"":""731"",""ok"":0,""nok"":0},{""station"":""750"",""ok"":0,""nok"":0},{""station"":""810"",""ok"":0,""nok"":0},{""station"":""915"",""ok"":0,""nok"":0},{""station"":""940"",""ok"":0,""nok"":0},{""station"":""960"",""ok"":0,""nok"":0},{""station"":""CHW"",""ok"":0,""nok"":0},{""station"":""CCC"",""ok"":0,""nok"":0},{""station"":""MAT"",""ok"":0,""nok"":0},{""station"":""EOL"",""ok"":38,""nok"":9}]"
D10092025S3C4,10/10/2025,4:51:07 AM,2025-10-10T4:51:07 AM,10/10/2025,07:00:00,2025-10-10T07:00:00,"WG REA FORD CA029",0,0,0,"[{""station"":""620"",""ok"":32,""nok"":0},{""station"":""730"",""ok"":37,""nok"":0},{""station"":""731"",""ok"":37,""nok"":0},{""station"":""750"",""ok"":27,""nok"":0},{""station"":""810"",""ok"":17,""nok"":0},{""station"":""915"",""ok"":5,""nok"":0},{""station"":""940"",""ok"":0,""nok"":0},{""station"":""960"",""ok"":0,""nok"":0},{""station"":""CHW"",""ok"":41,""nok"":0},{""station"":""CCC"",""ok"":33,""nok"":1},{""station"":""MAT"",""ok"":31,""nok"":1},{""station"":""EOL"",""ok"":0,""nok"":0}]"
D10102025S1C1,10/10/2025,07:00:00,2025-10-10T07:00:00,10/10/2025,15:00:00,2025-10-10T15:00:00,"WG REA FORD CA029",554,0,554,"[{""station"":""620"",""ok"":555,""nok"":1},{""station"":""730"",""ok"":554,""nok"":6},{""station"":""731"",""ok"":553,""nok"":0},{""station"":""750"",""ok"":555,""nok"":0},{""station"":""810"",""ok"":562,""nok"":0},{""station"":""915"",""ok"":571,""nok"":0},{""station"":""940"",""ok"":569,""nok"":3},{""station"":""960"",""ok"":560,""nok"":1},{""station"":""CHW"",""ok"":562,""nok"":19},{""station"":""CCC"",""ok"":558,""nok"":5},{""station"":""MAT"",""ok"":553,""nok"":0},{""station"":""EOL"",""ok"":554,""nok"":0}]"
D10102025S2C1,10/10/2025,15:00:00,2025-10-10T15:00:00,10/10/2025,22:30:00,2025-10-10T22:30:00,"WG REA FORD CA029",1067,555,1055,"[{""station"":""620"",""ok"":1093,""nok"":3},{""station"":""730"",""ok"":1096,""nok"":0},{""station"":""731"",""ok"":1094,""nok"":2},{""station"":""750"",""ok"":1093,""nok"":0},{""station"":""810"",""ok"":1094,""nok"":0},{""station"":""915"",""ok"":1092,""nok"":0},{""station"":""940"",""ok"":1082,""nok"":5},{""station"":""960"",""ok"":1081,""nok"":0},{""station"":""CHW"",""ok"":1093,""nok"":4},{""station"":""CCC"",""ok"":1093,""nok"":0},{""station"":""MAT"",""ok"":1094,""nok"":0},{""station"":""EOL"",""ok"":1067,""nok"":14}]"
D10102025S3C1,10/10/2025,22:30:00,2025-10-10T22:30:00,10/11/2025,07:00:00,2025-10-11T07:00:00,"WG REA FORD CA029",1047,1058,1042,"[{""station"":""620"",""ok"":1064,""nok"":6},{""station"":""730"",""ok"":1064,""nok"":0},{""station"":""731"",""ok"":1063,""nok"":0},{""station"":""750"",""ok"":1064,""nok"":0},{""station"":""810"",""ok"":1063,""nok"":0},{""station"":""915"",""ok"":1066,""nok"":0},{""station"":""940"",""ok"":1062,""nok"":4},{""station"":""960"",""ok"":1060,""nok"":0},{""station"":""CHW"",""ok"":1071,""nok"":1},{""station"":""CCC"",""ok"":1070,""nok"":0},{""station"":""MAT"",""ok"":1063,""nok"":0},{""station"":""EOL"",""ok"":1047,""nok"":12}]"
D10112025S1C1,10/11/2025,07:00:00,2025-10-11T07:00:00,10/11/2025,15:00:00,2025-10-11T15:00:00,"WG REA FORD CA029",983,1045,981,"[{""station"":""620"",""ok"":1005,""nok"":0},{""station"":""730"",""ok"":1006,""nok"":0},{""station"":""731"",""ok"":1006,""nok"":0},{""station"":""750"",""ok"":1006,""nok"":0},{""station"":""810"",""ok"":1004,""nok"":0},{""station"":""915"",""ok"":1006,""nok"":0},{""station"":""940"",""ok"":993,""nok"":12},{""station"":""960"",""ok"":989,""nok"":0},{""station"":""CHW"",""ok"":1006,""nok"":14},{""station"":""CCC"",""ok"":1004,""nok"":2},{""station"":""MAT"",""ok"":1004,""nok"":0},{""station"":""EOL"",""ok"":983,""nok"":7}]"
D10112025S2C1,10/11/2025,15:00:00,2025-10-11T15:00:00,10/11/2025,22:30:00,2025-10-11T22:30:00,"WG REA FORD CA029",1086,984,1085,"[{""station"":""620"",""ok"":1096,""nok"":0},{""station"":""730"",""ok"":1096,""nok"":0},{""station"":""731"",""ok"":1096,""nok"":0},{""station"":""750"",""ok"":1096,""nok"":0},{""station"":""810"",""ok"":1097,""nok"":0},{""station"":""915"",""ok"":1097,""nok"":0},{""station"":""940"",""ok"":1086,""nok"":9},{""station"":""960"",""ok"":1086,""nok"":1},{""station"":""CHW"",""ok"":1098,""nok"":31},{""station"":""CCC"",""ok"":1097,""nok"":0},{""station"":""MAT"",""ok"":1097,""nok"":0},{""station"":""EOL"",""ok"":1086,""nok"":0}]"
D10112025S3C1,10/11/2025,22:30:00,2025-10-11T22:30:00,10/12/2025,07:00:00,2025-10-12T07:00:00,"WG REA FORD CA029",0,0,0,"[{""station"":""620"",""ok"":0,""nok"":0},{""station"":""730"",""ok"":0,""nok"":0},{""station"":""731"",""ok"":0,""nok"":0},{""station"":""750"",""ok"":0,""nok"":0},{""station"":""810"",""ok"":0,""nok"":0},{""station"":""915"",""ok"":0,""nok"":0},{""station"":""940"",""ok"":0,""nok"":0},{""station"":""960"",""ok"":0,""nok"":0},{""station"":""CHW"",""ok"":0,""nok"":0},{""station"":""CCC"",""ok"":0,""nok"":0},{""station"":""MAT"",""ok"":0,""nok"":0},{""station"":""EOL"",""ok"":0,""nok"":0}]"
D10122025S1C1,10/12/2025,07:00:00,2025-10-12T07:00:00,10/12/2025,15:00:00,2025-10-12T15:00:00,"WG REA FORD CA029",985,0,985,"[{""station"":""620"",""ok"":1017,""nok"":0},{""station"":""730"",""ok"":1024,""nok"":0},{""station"":""731"",""ok"":1020,""nok"":4},{""station"":""750"",""ok"":1019,""nok"":0},{""station"":""810"",""ok"":1019,""nok"":0},{""station"":""915"",""ok"":1016,""nok"":1},{""station"":""940"",""ok"":999,""nok"":14},{""station"":""960"",""ok"":995,""nok"":0},{""station"":""CHW"",""ok"":1017,""nok"":29},{""station"":""CCC"",""ok"":1017,""nok"":1},{""station"":""MAT"",""ok"":1019,""nok"":1},{""station"":""EOL"",""ok"":985,""nok"":10}]"
D10122025S2C1,10/12/2025,15:00:00,2025-10-12T15:00:00,10/12/2025,22:30:00,2025-10-12T22:30:00,"WG REA FORD CA029",291,988,0,"[{""station"":""620"",""ok"":301,""nok"":0},{""station"":""730"",""ok"":302,""nok"":0},{""station"":""731"",""ok"":298,""nok"":4},{""station"":""750"",""ok"":298,""nok"":0},{""station"":""810"",""ok"":300,""nok"":1},{""station"":""915"",""ok"":299,""nok"":0},{""station"":""940"",""ok"":291,""nok"":5},{""station"":""960"",""ok"":293,""nok"":0},{""station"":""CHW"",""ok"":303,""nok"":9},{""station"":""CCC"",""ok"":303,""nok"":0},{""station"":""MAT"",""ok"":298,""nok"":0},{""station"":""EOL"",""ok"":291,""nok"":2}]"
D10122025S3C1,10/12/2025,22:30:00,2025-10-12T22:30:00,10/13/2025,07:00:00,2025-10-13T07:00:00,"WG REA FORD CA029",3,0,3,"[{""station"":""620"",""ok"":7,""nok"":0},{""station"":""730"",""ok"":7,""nok"":0},{""station"":""731"",""ok"":7,""nok"":0},{""station"":""750"",""ok"":7,""nok"":0},{""station"":""810"",""ok"":0,""nok"":0},{""station"":""915"",""ok"":0,""nok"":0},{""station"":""940"",""ok"":3,""nok"":0},{""station"":""960"",""ok"":3,""nok"":0},{""station"":""CHW"",""ok"":4,""nok"":1},{""station"":""CCC"",""ok"":4,""nok"":0},{""station"":""MAT"",""ok"":7,""nok"":0},{""station"":""EOL"",""ok"":3,""nok"":0}]"
D10132025S1C1,10/13/2025,07:00:00,2025-10-13T07:00:00,10/13/2025,8:41:14 AM,2025-10-13T8:41:14 AM,"WG REA FORD CA029",30,3,0,"[{""station"":""620"",""ok"":29,""nok"":0},{""station"":""730"",""ok"":34,""nok"":0},{""station"":""731"",""ok"":35,""nok"":0},{""station"":""750"",""ok"":37,""nok"":0},{""station"":""810"",""ok"":41,""nok"":0},{""station"":""915"",""ok"":24,""nok"":0},{""station"":""940"",""ok"":25,""nok"":0},{""station"":""960"",""ok"":26,""nok"":0},{""station"":""CHW"",""ok"":31,""nok"":0},{""station"":""CCC"",""ok"":30,""nok"":0},{""station"":""MAT"",""ok"":36,""nok"":0},{""station"":""EOL"",""ok"":30,""nok"":1}]"
D10132025S1C2,10/13/2025,8:42:14 AM,2025-10-13T8:42:14 AM,10/13/2025,9:10:14 AM,2025-10-13T9:10:14 AM,"WG REA FORD CA029 REWORK NO BRANSON",0,0,0,"[{""station"":""620"",""ok"":0,""nok"":0},{""station"":""730"",""ok"":0,""nok"":0},{""station"":""731"",""ok"":0,""nok"":0},{""station"":""750"",""ok"":0,""nok"":0},{""station"":""810"",""ok"":0,""nok"":0},{""station"":""915"",""ok"":0,""nok"":0},{""station"":""940"",""ok"":7,""nok"":13},{""station"":""960"",""ok"":5,""nok"":0},{""station"":""CHW"",""ok"":0,""nok"":0},{""station"":""CCC"",""ok"":0,""nok"":0},{""station"":""MAT"",""ok"":0,""nok"":0},{""station"":""EOL"",""ok"":0,""nok"":0}]"
D10132025S1C3,10/13/2025,9:11:14 AM,2025-10-13T9:11:14 AM,10/13/2025,15:00:00,2025-10-13T15:00:00,"WG REA FORD CA029",531,0,531,"[{""station"":""620"",""ok"":605,""nok"":0},{""station"":""730"",""ok"":608,""nok"":0},{""station"":""731"",""ok"":606,""nok"":2},{""station"":""750"",""ok"":603,""nok"":1},{""station"":""810"",""ok"":618,""nok"":0},{""station"":""915"",""ok"":621,""nok"":0},{""station"":""940"",""ok"":573,""nok"":43},{""station"":""960"",""ok"":571,""nok"":1},{""station"":""CHW"",""ok"":605,""nok"":21},{""station"":""CCC"",""ok"":604,""nok"":2},{""station"":""MAT"",""ok"":605,""nok"":0},{""station"":""EOL"",""ok"":531,""nok"":20}]"
D10132025S2C1,10/13/2025,15:00:00,2025-10-13T15:00:00,10/13/2025,8:31:15 PM,2025-10-13T8:31:15 PM,"WG REA FORD CA029",368,534,362,"[{""station"":""620"",""ok"":440,""nok"":1},{""station"":""730"",""ok"":440,""nok"":0},{""station"":""731"",""ok"":439,""nok"":0},{""station"":""750"",""ok"":439,""nok"":0},{""station"":""810"",""ok"":436,""nok"":0},{""station"":""915"",""ok"":422,""nok"":0},{""station"":""940"",""ok"":370,""nok"":43},{""station"":""960"",""ok"":376,""nok"":0},{""station"":""CHW"",""ok"":443,""nok"":7},{""station"":""CCC"",""ok"":442,""nok"":2},{""station"":""MAT"",""ok"":435,""nok"":0},{""station"":""EOL"",""ok"":368,""nok"":3}]"
D10132025S2C2,10/13/2025,8:32:15 PM,2025-10-13T8:32:15 PM,10/13/2025,22:30:00,2025-10-13T22:30:00,"WG REA FORD CA030",2,362,2,"[{""station"":""620"",""ok"":16,""nok"":0},{""station"":""730"",""ok"":16,""nok"":0},{""station"":""731"",""ok"":17,""nok"":0},{""station"":""750"",""ok"":15,""nok"":0},{""station"":""810"",""ok"":4,""nok"":0},{""station"":""915"",""ok"":16,""nok"":0},{""station"":""940"",""ok"":12,""nok"":2},{""station"":""960"",""ok"":8,""nok"":0},{""station"":""CHW"",""ok"":16,""nok"":1},{""station"":""CCC"",""ok"":16,""nok"":0},{""station"":""MAT"",""ok"":17,""nok"":0},{""station"":""EOL"",""ok"":2,""nok"":0}]"
D10132025S3C1,10/13/2025,22:30:00,2025-10-13T22:30:00,10/14/2025,07:00:00,2025-10-14T07:00:00,"WG REA FORD CA030",983,2,983,"[{""station"":""620"",""ok"":1006,""nok"":0},{""station"":""730"",""ok"":1016,""nok"":0},{""station"":""731"",""ok"":1007,""nok"":8},{""station"":""750"",""ok"":1007,""nok"":0},{""station"":""810"",""ok"":1005,""nok"":0},{""station"":""915"",""ok"":1012,""nok"":0},{""station"":""940"",""ok"":996,""nok"":13},{""station"":""960"",""ok"":994,""nok"":1},{""station"":""CHW"",""ok"":1006,""nok"":25},{""station"":""CCC"",""ok"":1006,""nok"":1},{""station"":""MAT"",""ok"":1007,""nok"":1},{""station"":""EOL"",""ok"":983,""nok"":7}]"
D10142025S1C1,10/14/2025,07:00:00,2025-10-14T07:00:00,10/14/2025,7:37:15 AM,2025-10-14T7:37:15 AM,"WG REA FORD CA030",46,3,0,"[{""station"":""620"",""ok"":16,""nok"":0},{""station"":""730"",""ok"":12,""nok"":0},{""station"":""731"",""ok"":13,""nok"":0},{""station"":""750"",""ok"":21,""nok"":0},{""station"":""810"",""ok"":34,""nok"":0},{""station"":""915"",""ok"":31,""nok"":0},{""station"":""940"",""ok"":37,""nok"":0},{""station"":""960"",""ok"":41,""nok"":0},{""station"":""CHW"",""ok"":10,""nok"":0},{""station"":""CCC"",""ok"":15,""nok"":1},{""station"":""MAT"",""ok"":20,""nok"":0},{""station"":""EOL"",""ok"":46,""nok"":1}]"
D10142025S1C2,10/14/2025,7:38:15 AM,2025-10-14T7:38:15 AM,10/14/2025,15:00:00,2025-10-14T15:00:00,"WG REA STELLANTIS CA027",9,0,9,"[{""station"":""620"",""ok"":43,""nok"":4},{""station"":""730"",""ok"":52,""nok"":0},{""station"":""731"",""ok"":52,""nok"":0},{""station"":""750"",""ok"":42,""nok"":0},{""station"":""810"",""ok"":42,""nok"":1},{""station"":""915"",""ok"":26,""nok"":0},{""station"":""940"",""ok"":16,""nok"":3},{""station"":""960"",""ok"":11,""nok"":0},{""station"":""CHW"",""ok"":56,""nok"":9},{""station"":""CCC"",""ok"":48,""nok"":1},{""station"":""MAT"",""ok"":43,""nok"":0},{""station"":""EOL"",""ok"":9,""nok"":0}]"
D10142025S2C1,10/14/2025,15:00:00,2025-10-14T15:00:00,10/14/2025,22:30:00,2025-10-14T22:30:00,"WG REA STELLANTIS CA027",622,9,631,"[{""station"":""620"",""ok"":685,""nok"":1},{""station"":""730"",""ok"":705,""nok"":0},{""station"":""731"",""ok"":688,""nok"":16},{""station"":""750"",""ok"":685,""nok"":1},{""station"":""810"",""ok"":681,""nok"":0},{""station"":""915"",""ok"":684,""nok"":0},{""station"":""940"",""ok"":648,""nok"":36},{""station"":""960"",""ok"":637,""nok"":2},{""station"":""CHW"",""ok"":691,""nok"":38},{""station"":""CCC"",""ok"":687,""nok"":4},{""station"":""MAT"",""ok"":685,""nok"":0},{""station"":""EOL"",""ok"":622,""nok"":4}]"
D10142025S3C1,10/14/2025,22:30:00,2025-10-14T22:30:00,10/15/2025,07:00:00,2025-10-15T07:00:00,"WG REA STELLANTIS CA027",599,631,601,"[{""station"":""620"",""ok"":677,""nok"":0},{""station"":""730"",""ok"":719,""nok"":0},{""station"":""731"",""ok"":681,""nok"":37},{""station"":""750"",""ok"":676,""nok"":0},{""station"":""810"",""ok"":666,""nok"":0},{""station"":""915"",""ok"":673,""nok"":2},{""station"":""940"",""ok"":622,""nok"":49},{""station"":""960"",""ok"":602,""nok"":8},{""station"":""CHW"",""ok"":680,""nok"":29},{""station"":""CCC"",""ok"":675,""nok"":4},{""station"":""MAT"",""ok"":681,""nok"":2},{""station"":""EOL"",""ok"":599,""nok"":4}]"
D10152025S1C1,10/15/2025,07:00:00,2025-10-15T07:00:00,10/15/2025,7:22:18 AM,2025-10-15T7:22:18 AM,"WG REA STELLANTIS CA027",26,601,26,"[{""station"":""620"",""ok"":12,""nok"":0},{""station"":""730"",""ok"":13,""nok"":0},{""station"":""731"",""ok"":13,""nok"":0},{""station"":""750"",""ok"":10,""nok"":0},{""station"":""810"",""ok"":13,""nok"":0},{""station"":""915"",""ok"":14,""nok"":0},{""station"":""940"",""ok"":17,""nok"":3},{""station"":""960"",""ok"":20,""nok"":0},{""station"":""CHW"",""ok"":16,""nok"":0},{""station"":""CCC"",""ok"":15,""nok"":1},{""station"":""MAT"",""ok"":12,""nok"":0},{""station"":""EOL"",""ok"":26,""nok"":0}]"
D10152025S1C2,10/15/2025,7:23:18 AM,2025-10-15T7:23:18 AM,10/15/2025,8:13:18 AM,2025-10-15T8:13:18 AM,"WG REA STELLANTIS CA027 REWORK NO BRANSON",31,0,31,"[{""station"":""620"",""ok"":0,""nok"":0},{""station"":""730"",""ok"":0,""nok"":0},{""station"":""731"",""ok"":0,""nok"":0},{""station"":""750"",""ok"":0,""nok"":0},{""station"":""810"",""ok"":0,""nok"":0},{""station"":""915"",""ok"":0,""nok"":0},{""station"":""940"",""ok"":35,""nok"":38},{""station"":""960"",""ok"":33,""nok"":0},{""station"":""CHW"",""ok"":0,""nok"":0},{""station"":""CCC"",""ok"":0,""nok"":0},{""station"":""MAT"",""ok"":0,""nok"":0},{""station"":""EOL"",""ok"":31,""nok"":1}]"
D10152025S1C3,10/15/2025,8:14:18 AM,2025-10-15T8:14:18 AM,10/15/2025,15:00:00,2025-10-15T15:00:00,"WG REA STELLANTIS CA027",892,0,892,"[{""station"":""620"",""ok"":966,""nok"":0},{""station"":""730"",""ok"":992,""nok"":0},{""station"":""731"",""ok"":970,""nok"":22},{""station"":""750"",""ok"":974,""nok"":0},{""station"":""810"",""ok"":981,""nok"":0},{""station"":""915"",""ok"":979,""nok"":0},{""station"":""940"",""ok"":930,""nok"":43},{""station"":""960"",""ok"":912,""nok"":7},{""station"":""CHW"",""ok"":965,""nok"":8},{""station"":""CCC"",""ok"":965,""nok"":0},{""station"":""MAT"",""ok"":968,""nok"":1},{""station"":""EOL"",""ok"":892,""nok"":14}]"
D10152025S2C1,10/15/2025,15:00:00,2025-10-15T15:00:00,10/15/2025,22:30:00,2025-10-15T22:30:00,"WG REA STELLANTIS CA027",1095,2,1097,"[{""station"":""620"",""ok"":1126,""nok"":0},{""station"":""730"",""ok"":1125,""nok"":0},{""station"":""731"",""ok"":1125,""nok"":0},{""station"":""750"",""ok"":1124,""nok"":0},{""station"":""810"",""ok"":1124,""nok"":1},{""station"":""915"",""ok"":1127,""nok"":0},{""station"":""940"",""ok"":1117,""nok"":9},{""station"":""960"",""ok"":1110,""nok"":5},{""station"":""CHW"",""ok"":1126,""nok"":14},{""station"":""CCC"",""ok"":1126,""nok"":0},{""station"":""MAT"",""ok"":1124,""nok"":2},{""station"":""EOL"",""ok"":1095,""nok"":14}]"
D10152025S3C1,10/15/2025,22:30:00,2025-10-15T22:30:00,10/16/2025,07:00:00,2025-10-16T07:00:00,"WG REA STELLANTIS CA027",936,1099,935,"[{""station"":""620"",""ok"":1004,""nok"":0},{""station"":""730"",""ok"":1008,""nok"":0},{""station"":""731"",""ok"":1008,""nok"":0},{""station"":""750"",""ok"":1007,""nok"":0},{""station"":""810"",""ok"":1007,""nok"":0},{""station"":""915"",""ok"":996,""nok"":1},{""station"":""940"",""ok"":983,""nok"":9},{""station"":""960"",""ok"":959,""nok"":10},{""station"":""CHW"",""ok"":1005,""nok"":19},{""station"":""CCC"",""ok"":1002,""nok"":3},{""station"":""MAT"",""ok"":1008,""nok"":0},{""station"":""EOL"",""ok"":936,""nok"":19}]"
D10162025S1C1,10/16/2025,07:00:00,2025-10-16T07:00:00,10/16/2025,7:23:20 AM,2025-10-16T7:23:20 AM,"WG REA STELLANTIS CA027",43,938,39,"[{""station"":""620"",""ok"":31,""nok"":0},{""station"":""730"",""ok"":31,""nok"":0},{""station"":""731"",""ok"":32,""nok"":0},{""station"":""750"",""ok"":26,""nok"":0},{""station"":""810"",""ok"":17,""nok"":0},{""station"":""915"",""ok"":27,""nok"":0},{""station"":""940"",""ok"":33,""nok"":0},{""station"":""960"",""ok"":36,""nok"":0},{""station"":""CHW"",""ok"":34,""nok"":1},{""station"":""CCC"",""ok"":34,""nok"":0},{""station"":""MAT"",""ok"":32,""nok"":0},{""station"":""EOL"",""ok"":43,""nok"":0}]"
D10162025S1C2,10/16/2025,7:24:20 AM,2025-10-16T7:24:20 AM,10/16/2025,8:11:20 AM,2025-10-16T8:11:20 AM,"WG REA STELLANTIS CA027 REWORK NO BRANSON",26,0,26,"[{""station"":""620"",""ok"":0,""nok"":0},{""station"":""730"",""ok"":0,""nok"":0},{""station"":""731"",""ok"":0,""nok"":0},{""station"":""750"",""ok"":0,""nok"":0},{""station"":""810"",""ok"":0,""nok"":0},{""station"":""915"",""ok"":0,""nok"":0},{""station"":""940"",""ok"":28,""nok"":30},{""station"":""960"",""ok"":27,""nok"":1},{""station"":""CHW"",""ok"":0,""nok"":0},{""station"":""CCC"",""ok"":0,""nok"":0},{""station"":""MAT"",""ok"":0,""nok"":0},{""station"":""EOL"",""ok"":26,""nok"":1}]"
D10162025S1C3,10/16/2025,8:12:20 AM,2025-10-16T8:12:20 AM,10/16/2025,1:02:21 PM,2025-10-16T1:02:21 PM,"WG REA STELLANTIS CA027",673,0,0,"[{""station"":""620"",""ok"":684,""nok"":0},{""station"":""730"",""ok"":686,""nok"":0},{""station"":""731"",""ok"":687,""nok"":0},{""station"":""750"",""ok"":686,""nok"":0},{""station"":""810"",""ok"":687,""nok"":0},{""station"":""915"",""ok"":695,""nok"":0},{""station"":""940"",""ok"":683,""nok"":3},{""station"":""960"",""ok"":678,""nok"":0},{""station"":""CHW"",""ok"":687,""nok"":11},{""station"":""CCC"",""ok"":684,""nok"":3},{""station"":""MAT"",""ok"":684,""nok"":2},{""station"":""EOL"",""ok"":673,""nok"":4}]"
D10162025S1C4,10/16/2025,1:03:21 PM,2025-10-16T1:03:21 PM,10/16/2025,1:58:21 PM,2025-10-16T1:58:21 PM,"WG REA STELLANTIS CA027 REWORK EOL",109,0,0,"[{""station"":""620"",""ok"":0,""nok"":0},{""station"":""730"",""ok"":0,""nok"":0},{""station"":""731"",""ok"":0,""nok"":0},{""station"":""750"",""ok"":0,""nok"":0},{""station"":""810"",""ok"":0,""nok"":0},{""station"":""915"",""ok"":0,""nok"":0},{""station"":""940"",""ok"":0,""nok"":0},{""station"":""960"",""ok"":0,""nok"":0},{""station"":""CHW"",""ok"":0,""nok"":0},{""station"":""CCC"",""ok"":0,""nok"":0},{""station"":""MAT"",""ok"":0,""nok"":0},{""station"":""EOL"",""ok"":109,""nok"":5}]"
D10162025S1C5,10/16/2025,1:59:21 PM,2025-10-16T1:59:21 PM,10/16/2025,15:00:00,2025-10-16T15:00:00,"WG REA STELLANTIS CA028",0,0,0,"[{""station"":""620"",""ok"":12,""nok"":0},{""station"":""730"",""ok"":15,""nok"":0},{""station"":""731"",""ok"":14,""nok"":0},{""station"":""750"",""ok"":18,""nok"":0},{""station"":""810"",""ok"":21,""nok"":0},{""station"":""915"",""ok"":9,""nok"":0},{""station"":""940"",""ok"":1,""nok"":0},{""station"":""960"",""ok"":0,""nok"":0},{""station"":""CHW"",""ok"":9,""nok"":1},{""station"":""CCC"",""ok"":9,""nok"":0},{""station"":""MAT"",""ok"":15,""nok"":0},{""station"":""EOL"",""ok"":0,""nok"":0}]"
D10162025S2C1,10/16/2025,15:00:00,2025-10-16T15:00:00,10/16/2025,22:30:00,2025-10-16T22:30:00,"WG REA STELLANTIS CA028",244,0,244,"[{""station"":""620"",""ok"":299,""nok"":0},{""station"":""730"",""ok"":298,""nok"":0},{""station"":""731"",""ok"":299,""nok"":0},{""station"":""750"",""ok"":299,""nok"":0},{""station"":""810"",""ok"":305,""nok"":0},{""station"":""915"",""ok"":300,""nok"":0},{""station"":""940"",""ok"":298,""nok"":0},{""station"":""960"",""ok"":291,""nok"":0},{""station"":""CHW"",""ok"":302,""nok"":5},{""station"":""CCC"",""ok"":299,""nok"":3},{""station"":""MAT"",""ok"":298,""nok"":0},{""station"":""EOL"",""ok"":244,""nok"":31}]"
D10162025S3C1,10/16/2025,22:30:00,2025-10-16T22:30:00,10/17/2025,07:00:00,2025-10-17T07:00:00,"WG REA STELLANTIS CA028",651,246,648,"[{""station"":""620"",""ok"":701,""nok"":0},{""station"":""730"",""ok"":703,""nok"":0},{""station"":""731"",""ok"":701,""nok"":0},{""station"":""750"",""ok"":701,""nok"":0},{""station"":""810"",""ok"":701,""nok"":0},{""station"":""915"",""ok"":702,""nok"":0},{""station"":""940"",""ok"":693,""nok"":7},{""station"":""960"",""ok"":687,""nok"":2},{""station"":""CHW"",""ok"":702,""nok"":20},{""station"":""CCC"",""ok"":701,""nok"":1},{""station"":""MAT"",""ok"":701,""nok"":0},{""station"":""EOL"",""ok"":651,""nok"":33}]"
D10172025S1C1,10/17/2025,07:00:00,2025-10-17T07:00:00,10/17/2025,15:00:00,2025-10-17T15:00:00,"WG REA STELLANTIS CA028",620,651,612,"[{""station"":""620"",""ok"":706,""nok"":0},{""station"":""730"",""ok"":706,""nok"":0},{""station"":""731"",""ok"":706,""nok"":0},{""station"":""750"",""ok"":706,""nok"":0},{""station"":""810"",""ok"":706,""nok"":0},{""station"":""915"",""ok"":711,""nok"":0},{""station"":""940"",""ok"":701,""nok"":5},{""station"":""960"",""ok"":696,""nok"":1},{""station"":""CHW"",""ok"":707,""nok"":19},{""station"":""CCC"",""ok"":706,""nok"":1},{""station"":""MAT"",""ok"":706,""nok"":0},{""station"":""EOL"",""ok"":620,""nok"":65}]"
D10172025S2C1,10/17/2025,15:00:00,2025-10-17T15:00:00,10/17/2025,22:30:00,2025-10-17T22:30:00,"WG REA STELLANTIS CA028",778,614,771,"[{""station"":""620"",""ok"":833,""nok"":0},{""station"":""730"",""ok"":833,""nok"":0},{""station"":""731"",""ok"":834,""nok"":0},{""station"":""750"",""ok"":832,""nok"":0},{""station"":""810"",""ok"":831,""nok"":0},{""station"":""915"",""ok"":846,""nok"":1},{""station"":""940"",""ok"":842,""nok"":7},{""station"":""960"",""ok"":842,""nok"":0},{""station"":""CHW"",""ok"":833,""nok"":25},{""station"":""CCC"",""ok"":831,""nok"":2},{""station"":""MAT"",""ok"":832,""nok"":1},{""station"":""EOL"",""ok"":778,""nok"":57}]"
D10172025S3C1,10/17/2025,22:30:00,2025-10-17T22:30:00,10/18/2025,07:00:00,2025-10-18T07:00:00,"WG REA STELLANTIS CA028",737,771,738,"[{""station"":""620"",""ok"":792,""nok"":0},{""station"":""730"",""ok"":797,""nok"":0},{""station"":""731"",""ok"":794,""nok"":2},{""station"":""750"",""ok"":793,""nok"":0},{""station"":""810"",""ok"":793,""nok"":2},{""station"":""915"",""ok"":780,""nok"":0},{""station"":""940"",""ok"":763,""nok"":11},{""station"":""960"",""ok"":757,""nok"":2},{""station"":""CHW"",""ok"":794,""nok"":20},{""station"":""CCC"",""ok"":791,""nok"":3},{""station"":""MAT"",""ok"":798,""nok"":0},{""station"":""EOL"",""ok"":737,""nok"":14}]"
D10182025S1C1,10/18/2025,07:00:00,2025-10-18T07:00:00,10/18/2025,7:48:24 AM,2025-10-18T7:48:24 AM,"WG REA STELLANTIS CA028",110,742,89,"[{""station"":""620"",""ok"":99,""nok"":0},{""station"":""730"",""ok"":97,""nok"":0},{""station"":""731"",""ok"":97,""nok"":0},{""station"":""750"",""ok"":92,""nok"":0},{""station"":""810"",""ok"":84,""nok"":0},{""station"":""915"",""ok"":95,""nok"":0},{""station"":""940"",""ok"":99,""nok"":2},{""station"":""960"",""ok"":103,""nok"":0},{""station"":""CHW"",""ok"":101,""nok"":6},{""station"":""CCC"",""ok"":101,""nok"":0},{""station"":""MAT"",""ok"":97,""nok"":0},{""station"":""EOL"",""ok"":110,""nok"":0}]"
D10182025S1C2,10/18/2025,7:49:24 AM,2025-10-18T7:49:24 AM,10/18/2025,8:13:24 AM,2025-10-18T8:13:24 AM,"WG REA STELLANTIS CA028 REWORK NO BRANSON",21,0,21,"[{""station"":""620"",""ok"":0,""nok"":0},{""station"":""730"",""ok"":0,""nok"":0},{""station"":""731"",""ok"":0,""nok"":0},{""station"":""750"",""ok"":0,""nok"":0},{""station"":""810"",""ok"":0,""nok"":0},{""station"":""915"",""ok"":0,""nok"":0},{""station"":""940"",""ok"":24,""nok"":8},{""station"":""960"",""ok"":22,""nok"":0},{""station"":""CHW"",""ok"":0,""nok"":0},{""station"":""CCC"",""ok"":0,""nok"":0},{""station"":""MAT"",""ok"":0,""nok"":0},{""station"":""EOL"",""ok"":21,""nok"":0}]"
D10182025S1C3,10/18/2025,8:14:24 AM,2025-10-18T8:14:24 AM,10/18/2025,15:00:00,2025-10-18T15:00:00,"WG REA STELLANTIS CA028",825,0,825,"[{""station"":""620"",""ok"":864,""nok"":0},{""station"":""730"",""ok"":866,""nok"":0},{""station"":""731"",""ok"":867,""nok"":0},{""station"":""750"",""ok"":872,""nok"":0},{""station"":""810"",""ok"":880,""nok"":0},{""station"":""915"",""ok"":869,""nok"":0},{""station"":""940"",""ok"":847,""nok"":16},{""station"":""960"",""ok"":843,""nok"":0},{""station"":""CHW"",""ok"":863,""nok"":16},{""station"":""CCC"",""ok"":862,""nok"":1},{""station"":""MAT"",""ok"":866,""nok"":0},{""station"":""EOL"",""ok"":825,""nok"":13}]"
D10182025S2C1,10/18/2025,15:00:00,2025-10-18T15:00:00,10/18/2025,22:30:00,2025-10-18T22:30:00,"WG REA STELLANTIS CA028",932,828,0,"[{""station"":""620"",""ok"":989,""nok"":0},{""station"":""730"",""ok"":996,""nok"":0},{""station"":""731"",""ok"":989,""nok"":6},{""station"":""750"",""ok"":989,""nok"":0},{""station"":""810"",""ok"":980,""nok"":1},{""station"":""915"",""ok"":997,""nok"":1},{""station"":""940"",""ok"":964,""nok"":17},{""station"":""960"",""ok"":965,""nok"":1},{""station"":""CHW"",""ok"":974,""nok"":8},{""station"":""CCC"",""ok"":991,""nok"":0},{""station"":""MAT"",""ok"":979,""nok"":0},{""station"":""EOL"",""ok"":932,""nok"":19}]"
D10182025S3C1,10/18/2025,22:30:00,2025-10-18T22:30:00,10/19/2025,07:00:00,2025-10-19T07:00:00,"WG REA STELLANTIS CA028",0,0,0,"[{""station"":""620"",""ok"":0,""nok"":0},{""station"":""730"",""ok"":0,""nok"":0},{""station"":""731"",""ok"":0,""nok"":0},{""station"":""750"",""ok"":0,""nok"":0},{""station"":""810"",""ok"":0,""nok"":0},{""station"":""915"",""ok"":0,""nok"":0},{""station"":""940"",""ok"":0,""nok"":0},{""station"":""960"",""ok"":0,""nok"":0},{""station"":""CHW"",""ok"":0,""nok"":0},{""station"":""CCC"",""ok"":0,""nok"":0},{""station"":""MAT"",""ok"":0,""nok"":0},{""station"":""EOL"",""ok"":0,""nok"":0}]"
D10192025S1C1,10/19/2025,07:00:00,2025-10-19T07:00:00,10/19/2025,11:49:26 AM,2025-10-19T11:49:26 AM,"WG REA STELLANTIS CA028",471,0,471,"[{""station"":""620"",""ok"":475,""nok"":0},{""station"":""730"",""ok"":476,""nok"":0},{""station"":""731"",""ok"":475,""nok"":2},{""station"":""750"",""ok"":480,""nok"":0},{""station"":""810"",""ok"":483,""nok"":0},{""station"":""915"",""ok"":483,""nok"":0},{""station"":""940"",""ok"":477,""nok"":11},{""station"":""960"",""ok"":473,""nok"":4},{""station"":""CHW"",""ok"":467,""nok"":1},{""station"":""CCC"",""ok"":472,""nok"":2},{""station"":""MAT"",""ok"":481,""nok"":2},{""station"":""EOL"",""ok"":471,""nok"":11}]"
D10192025S1C2,10/19/2025,11:50:26 AM,2025-10-19T11:50:26 AM,10/19/2025,12:39:26 PM,2025-10-19T12:39:26 PM,"WG REA STELLANTIS CA028 REWORK NO BRANSON",90,0,90,"[{""station"":""620"",""ok"":0,""nok"":0},{""station"":""730"",""ok"":0,""nok"":0},{""station"":""731"",""ok"":0,""nok"":0},{""station"":""750"",""ok"":0,""nok"":0},{""station"":""810"",""ok"":0,""nok"":0},{""station"":""915"",""ok"":0,""nok"":0},{""station"":""940"",""ok"":96,""nok"":5},{""station"":""960"",""ok"":93,""nok"":3},{""station"":""CHW"",""ok"":0,""nok"":0},{""station"":""CCC"",""ok"":0,""nok"":0},{""station"":""MAT"",""ok"":0,""nok"":0},{""station"":""EOL"",""ok"":90,""nok"":3}]"
D10192025S1C3,10/19/2025,12:40:26 PM,2025-10-19T12:40:26 PM,10/19/2025,15:00:00,2025-10-19T15:00:00,"WG REA STELLANTIS CA028 REWORK EOL",110,0,0,"[{""station"":""620"",""ok"":0,""nok"":0},{""station"":""730"",""ok"":0,""nok"":0},{""station"":""731"",""ok"":0,""nok"":0},{""station"":""750"",""ok"":0,""nok"":0},{""station"":""810"",""ok"":0,""nok"":0},{""station"":""915"",""ok"":0,""nok"":0},{""station"":""940"",""ok"":0,""nok"":0},{""station"":""960"",""ok"":0,""nok"":0},{""station"":""CHW"",""ok"":0,""nok"":0},{""station"":""CCC"",""ok"":0,""nok"":0},{""station"":""MAT"",""ok"":0,""nok"":0},{""station"":""EOL"",""ok"":110,""nok"":21}]"
D10192025S2C1,10/19/2025,15:00:00,2025-10-19T15:00:00,10/19/2025,3:10:26 PM,2025-10-19T3:10:26 PM,"WG REA STELLANTIS CA028 REWORK EOL",0,0,0,"[{""station"":""620"",""ok"":0,""nok"":0},{""station"":""730"",""ok"":0,""nok"":0},{""station"":""731"",""ok"":0,""nok"":0},{""station"":""750"",""ok"":0,""nok"":0},{""station"":""810"",""ok"":0,""nok"":0},{""station"":""915"",""ok"":0,""nok"":0},{""station"":""940"",""ok"":0,""nok"":0},{""station"":""960"",""ok"":0,""nok"":0},{""station"":""CHW"",""ok"":0,""nok"":0},{""station"":""CCC"",""ok"":0,""nok"":0},{""station"":""MAT"",""ok"":0,""nok"":0},{""station"":""EOL"",""ok"":0,""nok"":0}]"
D10192025S2C2,10/19/2025,3:11:26 PM,2025-10-19T3:11:26 PM,10/19/2025,22:30:00,2025-10-19T22:30:00,"WG REA FORD CA030",0,0,0,"[{""station"":""620"",""ok"":11,""nok"":2},{""station"":""730"",""ok"":11,""nok"":0},{""station"":""731"",""ok"":10,""nok"":0},{""station"":""750"",""ok"":1,""nok"":0},{""station"":""810"",""ok"":0,""nok"":0},{""station"":""915"",""ok"":0,""nok"":0},{""station"":""940"",""ok"":0,""nok"":0},{""station"":""960"",""ok"":0,""nok"":0},{""station"":""CHW"",""ok"":23,""nok"":0},{""station"":""CCC"",""ok"":16,""nok"":0},{""station"":""MAT"",""ok"":2,""nok"":1},{""station"":""EOL"",""ok"":0,""nok"":0}]"
D10192025S3C1,10/19/2025,22:30:00,2025-10-19T22:30:00,10/20/2025,07:00:00,2025-10-20T07:00:00,"WG REA FORD CA030",0,0,0,"[{""station"":""620"",""ok"":0,""nok"":0},{""station"":""730"",""ok"":0,""nok"":0},{""station"":""731"",""ok"":0,""nok"":0},{""station"":""750"",""ok"":0,""nok"":0},{""station"":""810"",""ok"":0,""nok"":0},{""station"":""915"",""ok"":0,""nok"":0},{""station"":""940"",""ok"":0,""nok"":0},{""station"":""960"",""ok"":0,""nok"":0},{""station"":""CHW"",""ok"":0,""nok"":0},{""station"":""CCC"",""ok"":0,""nok"":0},{""station"":""MAT"",""ok"":0,""nok"":0},{""station"":""EOL"",""ok"":0,""nok"":0}]"
D10202025S1C1,10/20/2025,07:00:00,2025-10-20T07:00:00,10/20/2025,15:00:00,2025-10-20T15:00:00,"WG REA FORD CA030",430,0,430,"[{""station"":""620"",""ok"":480,""nok"":2},{""station"":""730"",""ok"":494,""nok"":1},{""station"":""731"",""ok"":492,""nok"":2},{""station"":""750"",""ok"":485,""nok"":0},{""station"":""810"",""ok"":483,""nok"":1},{""station"":""915"",""ok"":477,""nok"":0},{""station"":""940"",""ok"":469,""nok"":3},{""station"":""960"",""ok"":440,""nok"":12},{""station"":""CHW"",""ok"":484,""nok"":7},{""station"":""CCC"",""ok"":483,""nok"":1},{""station"":""MAT"",""ok"":486,""nok"":1},{""station"":""EOL"",""ok"":430,""nok"":1}]"
D10202025S2C1,10/20/2025,15:00:00,2025-10-20T15:00:00,10/20/2025,22:30:00,2025-10-20T22:30:00,"WG REA FORD CA030",1101,432,746,"[{""station"":""620"",""ok"":1121,""nok"":1},{""station"":""730"",""ok"":1151,""nok"":0},{""station"":""731"",""ok"":1120,""nok"":30},{""station"":""750"",""ok"":1123,""nok"":1},{""station"":""810"",""ok"":1119,""nok"":0},{""station"":""915"",""ok"":1117,""nok"":0},{""station"":""940"",""ok"":1111,""nok"":6},{""station"":""960"",""ok"":1108,""nok"":2},{""station"":""CHW"",""ok"":1128,""nok"":3},{""station"":""CCC"",""ok"":1122,""nok"":5},{""station"":""MAT"",""ok"":1123,""nok"":0},{""station"":""EOL"",""ok"":1101,""nok"":5}]"
D10202025S3C1,10/20/2025,22:30:00,2025-10-20T22:30:00,10/21/2025,07:00:00,2025-10-21T07:00:00,"WG REA FORD CA030",841,1,842,"[{""station"":""620"",""ok"":836,""nok"":1},{""station"":""730"",""ok"":841,""nok"":7},{""station"":""731"",""ok"":836,""nok"":6},{""station"":""750"",""ok"":837,""nok"":0},{""station"":""810"",""ok"":840,""nok"":0},{""station"":""915"",""ok"":843,""nok"":0},{""station"":""940"",""ok"":845,""nok"":1},{""station"":""960"",""ok"":842,""nok"":1},{""station"":""CHW"",""ok"":838,""nok"":6},{""station"":""CCC"",""ok"":835,""nok"":3},{""station"":""MAT"",""ok"":836,""nok"":0},{""station"":""EOL"",""ok"":841,""nok"":0}]"
D10212025S1C1,10/21/2025,07:00:00,2025-10-21T07:00:00,10/21/2025,15:00:00,2025-10-21T15:00:00,"NO_PRODUCTION",0,0,0,"[]"
D10212025S2C1,10/21/2025,15:00:00,2025-10-21T15:00:00,10/21/2025,22:30:00,2025-10-21T22:30:00,"NO_PRODUCTION",0,0,0,"[]"
D10212025S3C1,10/21/2025,22:30:00,2025-10-21T22:30:00,10/22/2025,07:00:00,2025-10-22T07:00:00,"NO_PRODUCTION",0,0,0,"[]"
